"year","ISO","total_best","conflict_flag"
2000,"AFG",5065,1
2001,"AFG",5394,1
2002,"AFG",5553,1
2003,"AFG",1157,1
2004,"AFG",944,1
2005,"AFG",817,1
2006,"AFG",1711,1
2007,"AFG",4982,1
2008,"AFG",7020,1
2009,"AFG",5660,1
2010,"AFG",6499,1
2011,"AFG",7151,1
2012,"AFG",7563,1
2013,"AFG",7824,1
2014,"AFG",8131,1
2015,"AFG",12549,1
2016,"AFG",17987,1
2017,"AFG",18719,1
2018,"AFG",19776,1
2019,"AFG",26889,1
2000,"AGO",2666,1
2001,"AGO",1206,1
2002,"AGO",2154,1
2003,"AGO",579,1
2004,"AGO",84,1
2005,"AGO",38,1
2006,"AGO",15,0
2007,"AGO",3,0
2008,"AGO",26,1
2009,"AGO",4,0
2010,"AGO",25,1
2011,"AGO",10,0
2012,"AGO",1,0
2013,"AGO",0,0
2014,"AGO",2,0
2015,"AGO",0,0
2016,"AGO",1,0
2017,"AGO",26,1
2018,"AGO",26,1
2019,"AGO",24,0
2000,"ALB",6,0
2001,"ALB",0,0
2002,"ALB",0,0
2003,"ALB",0,0
2004,"ALB",0,0
2005,"ALB",0,0
2006,"ALB",0,0
2007,"ALB",0,0
2008,"ALB",0,0
2009,"ALB",0,0
2010,"ALB",0,0
2011,"ALB",0,0
2012,"ALB",0,0
2013,"ALB",0,0
2014,"ALB",0,0
2015,"ALB",0,0
2016,"ALB",0,0
2017,"ALB",0,0
2018,"ALB",0,0
2019,"ALB",0,0
2000,"AND",0,0
2001,"AND",0,0
2002,"AND",0,0
2003,"AND",0,0
2004,"AND",0,0
2005,"AND",0,0
2006,"AND",0,0
2007,"AND",0,0
2008,"AND",0,0
2009,"AND",0,0
2010,"AND",0,0
2011,"AND",0,0
2012,"AND",0,0
2013,"AND",0,0
2014,"AND",0,0
2015,"AND",0,0
2016,"AND",0,0
2017,"AND",0,0
2018,"AND",0,0
2019,"AND",0,0
2000,"ARE",0,0
2001,"ARE",0,0
2002,"ARE",0,0
2003,"ARE",0,0
2004,"ARE",0,0
2005,"ARE",0,0
2006,"ARE",0,0
2007,"ARE",0,0
2008,"ARE",0,0
2009,"ARE",0,0
2010,"ARE",0,0
2011,"ARE",1,0
2012,"ARE",0,0
2013,"ARE",0,0
2014,"ARE",0,0
2015,"ARE",0,0
2016,"ARE",0,0
2017,"ARE",0,0
2018,"ARE",0,0
2019,"ARE",0,0
2000,"ARG",0,0
2001,"ARG",0,0
2002,"ARG",0,0
2003,"ARG",0,0
2004,"ARG",0,0
2005,"ARG",0,0
2006,"ARG",0,0
2007,"ARG",0,0
2008,"ARG",0,0
2009,"ARG",0,0
2010,"ARG",0,0
2011,"ARG",0,0
2012,"ARG",0,0
2013,"ARG",0,0
2014,"ARG",0,0
2015,"ARG",0,0
2016,"ARG",0,0
2017,"ARG",0,0
2018,"ARG",0,0
2019,"ARG",0,0
2000,"ARM",0,0
2001,"ARM",0,0
2002,"ARM",0,0
2003,"ARM",0,0
2004,"ARM",0,0
2005,"ARM",0,0
2006,"ARM",1,0
2007,"ARM",2,0
2008,"ARM",0,0
2009,"ARM",0,0
2010,"ARM",0,0
2011,"ARM",0,0
2012,"ARM",0,0
2013,"ARM",9,0
2014,"ARM",1,0
2015,"ARM",0,0
2016,"ARM",16,0
2017,"ARM",4,0
2018,"ARM",0,0
2019,"ARM",1,0
2000,"ATG",0,0
2001,"ATG",0,0
2002,"ATG",0,0
2003,"ATG",0,0
2004,"ATG",0,0
2005,"ATG",0,0
2006,"ATG",0,0
2007,"ATG",0,0
2008,"ATG",0,0
2009,"ATG",0,0
2010,"ATG",0,0
2011,"ATG",0,0
2012,"ATG",0,0
2013,"ATG",0,0
2014,"ATG",0,0
2015,"ATG",0,0
2016,"ATG",0,0
2017,"ATG",0,0
2018,"ATG",0,0
2019,"ATG",0,0
2000,"AUS",0,0
2001,"AUS",0,0
2002,"AUS",0,0
2003,"AUS",0,0
2004,"AUS",0,0
2005,"AUS",0,0
2006,"AUS",0,0
2007,"AUS",0,0
2008,"AUS",0,0
2009,"AUS",0,0
2010,"AUS",0,0
2011,"AUS",0,0
2012,"AUS",0,0
2013,"AUS",0,0
2014,"AUS",0,0
2015,"AUS",0,0
2016,"AUS",0,0
2017,"AUS",0,0
2018,"AUS",0,0
2019,"AUS",2,0
2000,"AUT",0,0
2001,"AUT",0,0
2002,"AUT",0,0
2003,"AUT",0,0
2004,"AUT",0,0
2005,"AUT",0,0
2006,"AUT",0,0
2007,"AUT",0,0
2008,"AUT",0,0
2009,"AUT",0,0
2010,"AUT",0,0
2011,"AUT",0,0
2012,"AUT",0,0
2013,"AUT",0,0
2014,"AUT",0,0
2015,"AUT",0,0
2016,"AUT",0,0
2017,"AUT",0,0
2018,"AUT",0,0
2019,"AUT",0,0
2000,"AZE",18,0
2001,"AZE",13,0
2002,"AZE",6,0
2003,"AZE",0,0
2004,"AZE",0,0
2005,"AZE",8,0
2006,"AZE",24,0
2007,"AZE",5,0
2008,"AZE",12,0
2009,"AZE",30,1
2010,"AZE",7,0
2011,"AZE",20,0
2012,"AZE",21,0
2013,"AZE",16,0
2014,"AZE",11,0
2015,"AZE",46,1
2016,"AZE",63,1
2017,"AZE",137,1
2018,"AZE",36,1
2019,"AZE",16,0
2000,"BDI",1009,1
2001,"BDI",2071,1
2002,"BDI",1253,1
2003,"BDI",1576,1
2004,"BDI",1245,1
2005,"BDI",679,1
2006,"BDI",378,1
2007,"BDI",185,1
2008,"BDI",79,1
2009,"BDI",220,1
2010,"BDI",0,0
2011,"BDI",0,0
2012,"BDI",1,0
2013,"BDI",9,0
2014,"BDI",9,0
2015,"BDI",70,1
2016,"BDI",260,1
2017,"BDI",81,1
2018,"BDI",43,1
2019,"BDI",113,1
2000,"BEL",0,0
2001,"BEL",0,0
2002,"BEL",0,0
2003,"BEL",0,0
2004,"BEL",0,0
2005,"BEL",0,0
2006,"BEL",0,0
2007,"BEL",0,0
2008,"BEL",0,0
2009,"BEL",0,0
2010,"BEL",0,0
2011,"BEL",0,0
2012,"BEL",0,0
2013,"BEL",0,0
2014,"BEL",0,0
2015,"BEL",0,0
2016,"BEL",0,0
2017,"BEL",34,1
2018,"BEL",0,0
2019,"BEL",4,0
2000,"BEN",0,0
2001,"BEN",0,0
2002,"BEN",0,0
2003,"BEN",0,0
2004,"BEN",0,0
2005,"BEN",0,0
2006,"BEN",0,0
2007,"BEN",0,0
2008,"BEN",0,0
2009,"BEN",0,0
2010,"BEN",0,0
2011,"BEN",0,0
2012,"BEN",0,0
2013,"BEN",0,0
2014,"BEN",0,0
2015,"BEN",0,0
2016,"BEN",0,0
2017,"BEN",0,0
2018,"BEN",0,0
2019,"BEN",0,0
2000,"BFA",0,0
2001,"BFA",0,0
2002,"BFA",0,0
2003,"BFA",0,0
2004,"BFA",0,0
2005,"BFA",0,0
2006,"BFA",0,0
2007,"BFA",0,0
2008,"BFA",0,0
2009,"BFA",0,0
2010,"BFA",0,0
2011,"BFA",0,0
2012,"BFA",0,0
2013,"BFA",0,0
2014,"BFA",0,0
2015,"BFA",0,0
2016,"BFA",0,0
2017,"BFA",26,1
2018,"BFA",54,1
2019,"BFA",195,1
2000,"BGD",14,0
2001,"BGD",105,1
2002,"BGD",62,1
2003,"BGD",6,0
2004,"BGD",8,0
2005,"BGD",51,1
2006,"BGD",80,1
2007,"BGD",96,1
2008,"BGD",18,0
2009,"BGD",13,0
2010,"BGD",10,0
2011,"BGD",5,0
2012,"BGD",0,0
2013,"BGD",2,0
2014,"BGD",54,1
2015,"BGD",2,0
2016,"BGD",10,0
2017,"BGD",73,1
2018,"BGD",48,1
2019,"BGD",28,1
2000,"BGR",0,0
2001,"BGR",0,0
2002,"BGR",0,0
2003,"BGR",0,0
2004,"BGR",0,0
2005,"BGR",0,0
2006,"BGR",0,0
2007,"BGR",0,0
2008,"BGR",0,0
2009,"BGR",0,0
2010,"BGR",0,0
2011,"BGR",0,0
2012,"BGR",0,0
2013,"BGR",0,0
2014,"BGR",0,0
2015,"BGR",0,0
2016,"BGR",0,0
2017,"BGR",0,0
2018,"BGR",0,0
2019,"BGR",0,0
2000,"BHR",0,0
2001,"BHR",0,0
2002,"BHR",0,0
2003,"BHR",0,0
2004,"BHR",0,0
2005,"BHR",0,0
2006,"BHR",0,0
2007,"BHR",0,0
2008,"BHR",0,0
2009,"BHR",0,0
2010,"BHR",0,0
2011,"BHR",0,0
2012,"BHR",26,1
2013,"BHR",0,0
2014,"BHR",0,0
2015,"BHR",0,0
2016,"BHR",0,0
2017,"BHR",0,0
2018,"BHR",0,0
2019,"BHR",0,0
2000,"BHS",0,0
2001,"BHS",0,0
2002,"BHS",0,0
2003,"BHS",0,0
2004,"BHS",0,0
2005,"BHS",0,0
2006,"BHS",0,0
2007,"BHS",0,0
2008,"BHS",0,0
2009,"BHS",0,0
2010,"BHS",0,0
2011,"BHS",0,0
2012,"BHS",0,0
2013,"BHS",0,0
2014,"BHS",0,0
2015,"BHS",0,0
2016,"BHS",0,0
2017,"BHS",0,0
2018,"BHS",0,0
2019,"BHS",0,0
2000,"BIH",0,0
2001,"BIH",0,0
2002,"BIH",0,0
2003,"BIH",0,0
2004,"BIH",0,0
2005,"BIH",0,0
2006,"BIH",0,0
2007,"BIH",0,0
2008,"BIH",0,0
2009,"BIH",0,0
2010,"BIH",0,0
2011,"BIH",0,0
2012,"BIH",0,0
2013,"BIH",0,0
2014,"BIH",0,0
2015,"BIH",0,0
2016,"BIH",0,0
2017,"BIH",0,0
2018,"BIH",0,0
2019,"BIH",0,0
2000,"BLR",0,0
2001,"BLR",0,0
2002,"BLR",0,0
2003,"BLR",0,0
2004,"BLR",0,0
2005,"BLR",0,0
2006,"BLR",0,0
2007,"BLR",0,0
2008,"BLR",0,0
2009,"BLR",0,0
2010,"BLR",0,0
2011,"BLR",0,0
2012,"BLR",0,0
2013,"BLR",0,0
2014,"BLR",0,0
2015,"BLR",0,0
2016,"BLR",0,0
2017,"BLR",0,0
2018,"BLR",0,0
2019,"BLR",0,0
2000,"BLZ",0,0
2001,"BLZ",0,0
2002,"BLZ",0,0
2003,"BLZ",0,0
2004,"BLZ",0,0
2005,"BLZ",0,0
2006,"BLZ",0,0
2007,"BLZ",0,0
2008,"BLZ",0,0
2009,"BLZ",0,0
2010,"BLZ",0,0
2011,"BLZ",0,0
2012,"BLZ",0,0
2013,"BLZ",0,0
2014,"BLZ",0,0
2015,"BLZ",0,0
2016,"BLZ",0,0
2017,"BLZ",0,0
2018,"BLZ",0,0
2019,"BLZ",0,0
2000,"BOL",0,0
2001,"BOL",50,1
2002,"BOL",0,0
2003,"BOL",0,0
2004,"BOL",0,0
2005,"BOL",0,0
2006,"BOL",0,0
2007,"BOL",0,0
2008,"BOL",0,0
2009,"BOL",0,0
2010,"BOL",0,0
2011,"BOL",0,0
2012,"BOL",0,0
2013,"BOL",0,0
2014,"BOL",0,0
2015,"BOL",0,0
2016,"BOL",0,0
2017,"BOL",0,0
2018,"BOL",0,0
2019,"BOL",0,0
2000,"BRA",62,1
2001,"BRA",46,1
2002,"BRA",74,1
2003,"BRA",61,1
2004,"BRA",43,1
2005,"BRA",86,1
2006,"BRA",54,1
2007,"BRA",22,0
2008,"BRA",40,1
2009,"BRA",20,0
2010,"BRA",40,1
2011,"BRA",4,0
2012,"BRA",34,1
2013,"BRA",270,1
2014,"BRA",4,0
2015,"BRA",1,0
2016,"BRA",18,0
2017,"BRA",34,1
2018,"BRA",2803,1
2019,"BRA",2380,1
2000,"BRB",0,0
2001,"BRB",0,0
2002,"BRB",0,0
2003,"BRB",0,0
2004,"BRB",0,0
2005,"BRB",0,0
2006,"BRB",0,0
2007,"BRB",0,0
2008,"BRB",0,0
2009,"BRB",0,0
2010,"BRB",0,0
2011,"BRB",0,0
2012,"BRB",0,0
2013,"BRB",0,0
2014,"BRB",0,0
2015,"BRB",0,0
2016,"BRB",0,0
2017,"BRB",0,0
2018,"BRB",0,0
2019,"BRB",0,0
2000,"BRN",0,0
2001,"BRN",0,0
2002,"BRN",0,0
2003,"BRN",0,0
2004,"BRN",0,0
2005,"BRN",0,0
2006,"BRN",0,0
2007,"BRN",0,0
2008,"BRN",0,0
2009,"BRN",0,0
2010,"BRN",0,0
2011,"BRN",0,0
2012,"BRN",0,0
2013,"BRN",0,0
2014,"BRN",0,0
2015,"BRN",0,0
2016,"BRN",0,0
2017,"BRN",0,0
2018,"BRN",0,0
2019,"BRN",0,0
2000,"BTN",0,0
2001,"BTN",0,0
2002,"BTN",0,0
2003,"BTN",0,0
2004,"BTN",0,0
2005,"BTN",0,0
2006,"BTN",0,0
2007,"BTN",0,0
2008,"BTN",0,0
2009,"BTN",0,0
2010,"BTN",0,0
2011,"BTN",0,0
2012,"BTN",0,0
2013,"BTN",0,0
2014,"BTN",0,0
2015,"BTN",0,0
2016,"BTN",0,0
2017,"BTN",0,0
2018,"BTN",0,0
2019,"BTN",0,0
2000,"BWA",0,0
2001,"BWA",0,0
2002,"BWA",0,0
2003,"BWA",0,0
2004,"BWA",0,0
2005,"BWA",0,0
2006,"BWA",0,0
2007,"BWA",0,0
2008,"BWA",0,0
2009,"BWA",0,0
2010,"BWA",0,0
2011,"BWA",0,0
2012,"BWA",0,0
2013,"BWA",0,0
2014,"BWA",0,0
2015,"BWA",0,0
2016,"BWA",0,0
2017,"BWA",0,0
2018,"BWA",0,0
2019,"BWA",0,0
2000,"CAF",5,0
2001,"CAF",6,0
2002,"CAF",216,1
2003,"CAF",152,1
2004,"CAF",19,0
2005,"CAF",23,0
2006,"CAF",8,0
2007,"CAF",190,1
2008,"CAF",143,1
2009,"CAF",8,0
2010,"CAF",244,1
2011,"CAF",148,1
2012,"CAF",195,1
2013,"CAF",132,1
2014,"CAF",3396,1
2015,"CAF",3494,1
2016,"CAF",743,1
2017,"CAF",688,1
2018,"CAF",1849,1
2019,"CAF",640,1
2000,"CAN",11,0
2001,"CAN",23,0
2002,"CAN",1,0
2003,"CAN",0,0
2004,"CAN",0,0
2005,"CAN",0,0
2006,"CAN",0,0
2007,"CAN",0,0
2008,"CAN",0,0
2009,"CAN",0,0
2010,"CAN",0,0
2011,"CAN",0,0
2012,"CAN",0,0
2013,"CAN",0,0
2014,"CAN",0,0
2015,"CAN",0,0
2016,"CAN",0,0
2017,"CAN",0,0
2018,"CAN",0,0
2019,"CAN",0,0
2000,"CHE",0,0
2001,"CHE",0,0
2002,"CHE",0,0
2003,"CHE",0,0
2004,"CHE",0,0
2005,"CHE",0,0
2006,"CHE",0,0
2007,"CHE",0,0
2008,"CHE",0,0
2009,"CHE",0,0
2010,"CHE",0,0
2011,"CHE",0,0
2012,"CHE",0,0
2013,"CHE",0,0
2014,"CHE",0,0
2015,"CHE",0,0
2016,"CHE",0,0
2017,"CHE",0,0
2018,"CHE",0,0
2019,"CHE",0,0
2000,"CHL",0,0
2001,"CHL",0,0
2002,"CHL",0,0
2003,"CHL",0,0
2004,"CHL",0,0
2005,"CHL",0,0
2006,"CHL",0,0
2007,"CHL",0,0
2008,"CHL",0,0
2009,"CHL",0,0
2010,"CHL",0,0
2011,"CHL",0,0
2012,"CHL",0,0
2013,"CHL",0,0
2014,"CHL",0,0
2015,"CHL",0,0
2016,"CHL",0,0
2017,"CHL",0,0
2018,"CHL",0,0
2019,"CHL",0,0
2000,"CHN",0,0
2001,"CHN",0,0
2002,"CHN",0,0
2003,"CHN",0,0
2004,"CHN",0,0
2005,"CHN",0,0
2006,"CHN",12,0
2007,"CHN",0,0
2008,"CHN",0,0
2009,"CHN",87,1
2010,"CHN",189,1
2011,"CHN",0,0
2012,"CHN",0,0
2013,"CHN",0,0
2014,"CHN",0,0
2015,"CHN",0,0
2016,"CHN",5,0
2017,"CHN",0,0
2018,"CHN",6,0
2019,"CHN",0,0
2000,"CIV",0,0
2001,"CIV",132,1
2002,"CIV",2,0
2003,"CIV",1028,1
2004,"CIV",492,1
2005,"CIV",304,1
2006,"CIV",153,1
2007,"CIV",11,0
2008,"CIV",3,0
2009,"CIV",4,0
2010,"CIV",1,0
2011,"CIV",80,1
2012,"CIV",1256,1
2013,"CIV",21,0
2014,"CIV",4,0
2015,"CIV",0,0
2016,"CIV",0,0
2017,"CIV",49,1
2018,"CIV",0,0
2019,"CIV",0,0
2000,"CMR",0,0
2001,"CMR",2,0
2002,"CMR",0,0
2003,"CMR",0,0
2004,"CMR",0,0
2005,"CMR",0,0
2006,"CMR",0,0
2007,"CMR",0,0
2008,"CMR",0,0
2009,"CMR",0,0
2010,"CMR",0,0
2011,"CMR",0,0
2012,"CMR",0,0
2013,"CMR",0,0
2014,"CMR",1,0
2015,"CMR",1047,1
2016,"CMR",1263,1
2017,"CMR",491,1
2018,"CMR",410,1
2019,"CMR",1007,1
2000,"COD",7541,1
2001,"COD",3052,1
2002,"COD",1391,1
2003,"COD",7931,1
2004,"COD",4328,1
2005,"COD",795,1
2006,"COD",314,1
2007,"COD",390,1
2008,"COD",879,1
2009,"COD",1740,1
2010,"COD",5069,1
2011,"COD",799,1
2012,"COD",511,1
2013,"COD",1842,1
2014,"COD",2196,1
2015,"COD",1622,1
2016,"COD",737,1
2017,"COD",2194,1
2018,"COD",6031,1
2019,"COD",3130,1
2000,"COG",948,1
2001,"COG",0,0
2002,"COG",3,0
2003,"COG",234,1
2004,"COG",33,1
2005,"COG",0,0
2006,"COG",15,0
2007,"COG",0,0
2008,"COG",2,0
2009,"COG",1,0
2010,"COG",0,0
2011,"COG",0,0
2012,"COG",1,0
2013,"COG",2,0
2014,"COG",0,0
2015,"COG",0,0
2016,"COG",0,0
2017,"COG",73,1
2018,"COG",20,0
2019,"COG",0,0
2000,"COL",2093,1
2001,"COL",4293,1
2002,"COL",4592,1
2003,"COL",4346,1
2004,"COL",1183,1
2005,"COL",1781,1
2006,"COL",1725,1
2007,"COL",588,1
2008,"COL",362,1
2009,"COL",252,1
2010,"COL",419,1
2011,"COL",442,1
2012,"COL",227,1
2013,"COL",227,1
2014,"COL",140,1
2015,"COL",156,1
2016,"COL",143,1
2017,"COL",38,1
2018,"COL",87,1
2019,"COL",245,1
2000,"COM",0,0
2001,"COM",0,0
2002,"COM",0,0
2003,"COM",0,0
2004,"COM",0,0
2005,"COM",0,0
2006,"COM",0,0
2007,"COM",0,0
2008,"COM",0,0
2009,"COM",0,0
2010,"COM",0,0
2011,"COM",0,0
2012,"COM",0,0
2013,"COM",0,0
2014,"COM",0,0
2015,"COM",0,0
2016,"COM",0,0
2017,"COM",0,0
2018,"COM",0,0
2019,"COM",0,0
2000,"CPV",0,0
2001,"CPV",0,0
2002,"CPV",0,0
2003,"CPV",0,0
2004,"CPV",0,0
2005,"CPV",0,0
2006,"CPV",0,0
2007,"CPV",0,0
2008,"CPV",0,0
2009,"CPV",0,0
2010,"CPV",0,0
2011,"CPV",0,0
2012,"CPV",0,0
2013,"CPV",0,0
2014,"CPV",0,0
2015,"CPV",0,0
2016,"CPV",0,0
2017,"CPV",0,0
2018,"CPV",0,0
2019,"CPV",0,0
2000,"CRI",0,0
2001,"CRI",0,0
2002,"CRI",0,0
2003,"CRI",0,0
2004,"CRI",0,0
2005,"CRI",0,0
2006,"CRI",0,0
2007,"CRI",0,0
2008,"CRI",0,0
2009,"CRI",0,0
2010,"CRI",0,0
2011,"CRI",0,0
2012,"CRI",0,0
2013,"CRI",0,0
2014,"CRI",0,0
2015,"CRI",0,0
2016,"CRI",0,0
2017,"CRI",0,0
2018,"CRI",0,0
2019,"CRI",0,0
2000,"CUB",0,0
2001,"CUB",0,0
2002,"CUB",0,0
2003,"CUB",0,0
2004,"CUB",0,0
2005,"CUB",0,0
2006,"CUB",0,0
2007,"CUB",0,0
2008,"CUB",0,0
2009,"CUB",0,0
2010,"CUB",0,0
2011,"CUB",0,0
2012,"CUB",0,0
2013,"CUB",0,0
2014,"CUB",0,0
2015,"CUB",0,0
2016,"CUB",0,0
2017,"CUB",0,0
2018,"CUB",0,0
2019,"CUB",0,0
2000,"CYP",0,0
2001,"CYP",0,0
2002,"CYP",0,0
2003,"CYP",0,0
2004,"CYP",0,0
2005,"CYP",0,0
2006,"CYP",0,0
2007,"CYP",0,0
2008,"CYP",0,0
2009,"CYP",0,0
2010,"CYP",0,0
2011,"CYP",0,0
2012,"CYP",0,0
2013,"CYP",0,0
2014,"CYP",0,0
2015,"CYP",0,0
2016,"CYP",0,0
2017,"CYP",0,0
2018,"CYP",0,0
2019,"CYP",0,0
2000,"CZE",0,0
2001,"CZE",0,0
2002,"CZE",0,0
2003,"CZE",0,0
2004,"CZE",0,0
2005,"CZE",0,0
2006,"CZE",0,0
2007,"CZE",0,0
2008,"CZE",0,0
2009,"CZE",0,0
2010,"CZE",0,0
2011,"CZE",0,0
2012,"CZE",0,0
2013,"CZE",0,0
2014,"CZE",0,0
2015,"CZE",0,0
2016,"CZE",0,0
2017,"CZE",0,0
2018,"CZE",0,0
2019,"CZE",0,0
2000,"DEU",0,0
2001,"DEU",0,0
2002,"DEU",0,0
2003,"DEU",0,0
2004,"DEU",0,0
2005,"DEU",0,0
2006,"DEU",0,0
2007,"DEU",0,0
2008,"DEU",0,0
2009,"DEU",0,0
2010,"DEU",0,0
2011,"DEU",0,0
2012,"DEU",0,0
2013,"DEU",0,0
2014,"DEU",0,0
2015,"DEU",0,0
2016,"DEU",0,0
2017,"DEU",12,0
2018,"DEU",0,0
2019,"DEU",0,0
2000,"DJI",25,1
2001,"DJI",0,0
2002,"DJI",0,0
2003,"DJI",0,0
2004,"DJI",0,0
2005,"DJI",0,0
2006,"DJI",0,0
2007,"DJI",0,0
2008,"DJI",0,0
2009,"DJI",35,1
2010,"DJI",0,0
2011,"DJI",0,0
2012,"DJI",0,0
2013,"DJI",0,0
2014,"DJI",0,0
2015,"DJI",1,0
2016,"DJI",0,0
2017,"DJI",0,0
2018,"DJI",0,0
2019,"DJI",6,0
2000,"DMA",0,0
2001,"DMA",0,0
2002,"DMA",0,0
2003,"DMA",0,0
2004,"DMA",0,0
2005,"DMA",0,0
2006,"DMA",0,0
2007,"DMA",0,0
2008,"DMA",0,0
2009,"DMA",0,0
2010,"DMA",0,0
2011,"DMA",0,0
2012,"DMA",0,0
2013,"DMA",0,0
2014,"DMA",0,0
2015,"DMA",0,0
2016,"DMA",0,0
2017,"DMA",0,0
2018,"DMA",0,0
2019,"DMA",0,0
2000,"DNK",0,0
2001,"DNK",0,0
2002,"DNK",0,0
2003,"DNK",0,0
2004,"DNK",0,0
2005,"DNK",0,0
2006,"DNK",0,0
2007,"DNK",0,0
2008,"DNK",0,0
2009,"DNK",0,0
2010,"DNK",0,0
2011,"DNK",0,0
2012,"DNK",0,0
2013,"DNK",0,0
2014,"DNK",0,0
2015,"DNK",0,0
2016,"DNK",0,0
2017,"DNK",0,0
2018,"DNK",0,0
2019,"DNK",0,0
2000,"DOM",0,0
2001,"DOM",0,0
2002,"DOM",0,0
2003,"DOM",0,0
2004,"DOM",0,0
2005,"DOM",0,0
2006,"DOM",0,0
2007,"DOM",0,0
2008,"DOM",0,0
2009,"DOM",0,0
2010,"DOM",0,0
2011,"DOM",0,0
2012,"DOM",0,0
2013,"DOM",0,0
2014,"DOM",0,0
2015,"DOM",0,0
2016,"DOM",0,0
2017,"DOM",0,0
2018,"DOM",0,0
2019,"DOM",0,0
2000,"DZA",1168,1
2001,"DZA",1193,1
2002,"DZA",674,1
2003,"DZA",1058,1
2004,"DZA",714,1
2005,"DZA",500,1
2006,"DZA",232,1
2007,"DZA",292,1
2008,"DZA",495,1
2009,"DZA",345,1
2010,"DZA",541,1
2011,"DZA",252,1
2012,"DZA",276,1
2013,"DZA",264,1
2014,"DZA",222,1
2015,"DZA",111,1
2016,"DZA",110,1
2017,"DZA",89,1
2018,"DZA",77,1
2019,"DZA",35,1
2000,"ECU",0,0
2001,"ECU",0,0
2002,"ECU",2,0
2003,"ECU",0,0
2004,"ECU",26,1
2005,"ECU",0,0
2006,"ECU",0,0
2007,"ECU",0,0
2008,"ECU",0,0
2009,"ECU",25,1
2010,"ECU",0,0
2011,"ECU",0,0
2012,"ECU",0,0
2013,"ECU",0,0
2014,"ECU",0,0
2015,"ECU",0,0
2016,"ECU",0,0
2017,"ECU",0,0
2018,"ECU",0,0
2019,"ECU",0,0
2000,"EGY",4,0
2001,"EGY",5,0
2002,"EGY",0,0
2003,"EGY",0,0
2004,"EGY",0,0
2005,"EGY",35,1
2006,"EGY",124,1
2007,"EGY",2,0
2008,"EGY",0,0
2009,"EGY",2,0
2010,"EGY",1,0
2011,"EGY",1,0
2012,"EGY",31,1
2013,"EGY",75,1
2014,"EGY",135,1
2015,"EGY",249,1
2016,"EGY",991,1
2017,"EGY",404,1
2018,"EGY",902,1
2019,"EGY",692,1
2000,"ERI",17203,1
2001,"ERI",1793,1
2002,"ERI",0,0
2003,"ERI",0,0
2004,"ERI",57,1
2005,"ERI",0,0
2006,"ERI",0,0
2007,"ERI",0,0
2008,"ERI",0,0
2009,"ERI",0,0
2010,"ERI",0,0
2011,"ERI",0,0
2012,"ERI",0,0
2013,"ERI",0,0
2014,"ERI",0,0
2015,"ERI",0,0
2016,"ERI",0,0
2017,"ERI",25,1
2018,"ERI",0,0
2019,"ERI",0,0
2000,"ESP",0,0
2001,"ESP",20,0
2002,"ESP",13,0
2003,"ESP",5,0
2004,"ESP",3,0
2005,"ESP",191,1
2006,"ESP",0,0
2007,"ESP",0,0
2008,"ESP",0,0
2009,"ESP",2,0
2010,"ESP",3,0
2011,"ESP",0,0
2012,"ESP",1,0
2013,"ESP",0,0
2014,"ESP",0,0
2015,"ESP",0,0
2016,"ESP",0,0
2017,"ESP",0,0
2018,"ESP",16,0
2019,"ESP",0,0
2000,"EST",0,0
2001,"EST",0,0
2002,"EST",0,0
2003,"EST",0,0
2004,"EST",0,0
2005,"EST",0,0
2006,"EST",0,0
2007,"EST",0,0
2008,"EST",0,0
2009,"EST",0,0
2010,"EST",0,0
2011,"EST",0,0
2012,"EST",0,0
2013,"EST",0,0
2014,"EST",0,0
2015,"EST",0,0
2016,"EST",0,0
2017,"EST",0,0
2018,"EST",0,0
2019,"EST",0,0
2000,"ETH",30786,1
2001,"ETH",48666,1
2002,"ETH",388,1
2003,"ETH",809,1
2004,"ETH",1093,1
2005,"ETH",475,1
2006,"ETH",290,1
2007,"ETH",430,1
2008,"ETH",500,1
2009,"ETH",311,1
2010,"ETH",590,1
2011,"ETH",152,1
2012,"ETH",66,1
2013,"ETH",385,1
2014,"ETH",88,1
2015,"ETH",39,1
2016,"ETH",307,1
2017,"ETH",529,1
2018,"ETH",475,1
2019,"ETH",687,1
2000,"FIN",0,0
2001,"FIN",0,0
2002,"FIN",0,0
2003,"FIN",0,0
2004,"FIN",0,0
2005,"FIN",0,0
2006,"FIN",0,0
2007,"FIN",0,0
2008,"FIN",0,0
2009,"FIN",0,0
2010,"FIN",0,0
2011,"FIN",0,0
2012,"FIN",0,0
2013,"FIN",0,0
2014,"FIN",0,0
2015,"FIN",0,0
2016,"FIN",0,0
2017,"FIN",0,0
2018,"FIN",0,0
2019,"FIN",0,0
2000,"FJI",0,0
2001,"FJI",0,0
2002,"FJI",0,0
2003,"FJI",0,0
2004,"FJI",0,0
2005,"FJI",0,0
2006,"FJI",0,0
2007,"FJI",0,0
2008,"FJI",0,0
2009,"FJI",0,0
2010,"FJI",0,0
2011,"FJI",0,0
2012,"FJI",0,0
2013,"FJI",0,0
2014,"FJI",0,0
2015,"FJI",0,0
2016,"FJI",0,0
2017,"FJI",0,0
2018,"FJI",0,0
2019,"FJI",0,0
2000,"FRA",0,0
2001,"FRA",0,0
2002,"FRA",0,0
2003,"FRA",0,0
2004,"FRA",0,0
2005,"FRA",0,0
2006,"FRA",0,0
2007,"FRA",0,0
2008,"FRA",2,0
2009,"FRA",0,0
2010,"FRA",0,0
2011,"FRA",0,0
2012,"FRA",0,0
2013,"FRA",4,0
2014,"FRA",0,0
2015,"FRA",0,0
2016,"FRA",133,1
2017,"FRA",87,1
2018,"FRA",2,0
2019,"FRA",13,0
2000,"FSM",0,0
2001,"FSM",0,0
2002,"FSM",0,0
2003,"FSM",0,0
2004,"FSM",0,0
2005,"FSM",0,0
2006,"FSM",0,0
2007,"FSM",0,0
2008,"FSM",0,0
2009,"FSM",0,0
2010,"FSM",0,0
2011,"FSM",0,0
2012,"FSM",0,0
2013,"FSM",0,0
2014,"FSM",0,0
2015,"FSM",0,0
2016,"FSM",0,0
2017,"FSM",0,0
2018,"FSM",0,0
2019,"FSM",0,0
2000,"GAB",0,0
2001,"GAB",0,0
2002,"GAB",0,0
2003,"GAB",0,0
2004,"GAB",0,0
2005,"GAB",0,0
2006,"GAB",0,0
2007,"GAB",0,0
2008,"GAB",0,0
2009,"GAB",0,0
2010,"GAB",0,0
2011,"GAB",0,0
2012,"GAB",0,0
2013,"GAB",0,0
2014,"GAB",0,0
2015,"GAB",0,0
2016,"GAB",0,0
2017,"GAB",0,0
2018,"GAB",0,0
2019,"GAB",0,0
2000,"GBR",0,0
2001,"GBR",1,0
2002,"GBR",1,0
2003,"GBR",3,0
2004,"GBR",1,0
2005,"GBR",1,0
2006,"GBR",53,1
2007,"GBR",0,0
2008,"GBR",0,0
2009,"GBR",0,0
2010,"GBR",2,0
2011,"GBR",0,0
2012,"GBR",1,0
2013,"GBR",0,0
2014,"GBR",0,0
2015,"GBR",0,0
2016,"GBR",0,0
2017,"GBR",0,0
2018,"GBR",0,0
2019,"GBR",0,0
2000,"GEO",0,0
2001,"GEO",0,0
2002,"GEO",0,0
2003,"GEO",0,0
2004,"GEO",0,0
2005,"GEO",27,1
2006,"GEO",0,0
2007,"GEO",0,0
2008,"GEO",0,0
2009,"GEO",621,1
2010,"GEO",0,0
2011,"GEO",3,0
2012,"GEO",0,0
2013,"GEO",0,0
2014,"GEO",0,0
2015,"GEO",0,0
2016,"GEO",0,0
2017,"GEO",0,0
2018,"GEO",0,0
2019,"GEO",0,0
2000,"GHA",0,0
2001,"GHA",30,1
2002,"GHA",50,1
2003,"GHA",36,1
2004,"GHA",0,0
2005,"GHA",0,0
2006,"GHA",0,0
2007,"GHA",0,0
2008,"GHA",0,0
2009,"GHA",55,1
2010,"GHA",8,0
2011,"GHA",1,0
2012,"GHA",0,0
2013,"GHA",0,0
2014,"GHA",0,0
2015,"GHA",0,0
2016,"GHA",0,0
2017,"GHA",0,0
2018,"GHA",0,0
2019,"GHA",0,0
2000,"GIN",13,0
2001,"GIN",256,1
2002,"GIN",430,1
2003,"GIN",0,0
2004,"GIN",0,0
2005,"GIN",0,0
2006,"GIN",3,0
2007,"GIN",15,0
2008,"GIN",45,1
2009,"GIN",0,0
2010,"GIN",160,1
2011,"GIN",1,0
2012,"GIN",25,1
2013,"GIN",9,0
2014,"GIN",98,1
2015,"GIN",0,0
2016,"GIN",3,0
2017,"GIN",0,0
2018,"GIN",0,0
2019,"GIN",0,0
2000,"GMB",0,0
2001,"GMB",0,0
2002,"GMB",0,0
2003,"GMB",0,0
2004,"GMB",0,0
2005,"GMB",1,0
2006,"GMB",8,0
2007,"GMB",0,0
2008,"GMB",0,0
2009,"GMB",0,0
2010,"GMB",0,0
2011,"GMB",0,0
2012,"GMB",0,0
2013,"GMB",1,0
2014,"GMB",0,0
2015,"GMB",0,0
2016,"GMB",0,0
2017,"GMB",0,0
2018,"GMB",0,0
2019,"GMB",0,0
2000,"GNB",199,1
2001,"GNB",0,0
2002,"GNB",0,0
2003,"GNB",0,0
2004,"GNB",0,0
2005,"GNB",0,0
2006,"GNB",0,0
2007,"GNB",0,0
2008,"GNB",0,0
2009,"GNB",0,0
2010,"GNB",0,0
2011,"GNB",0,0
2012,"GNB",0,0
2013,"GNB",0,0
2014,"GNB",0,0
2015,"GNB",0,0
2016,"GNB",0,0
2017,"GNB",0,0
2018,"GNB",0,0
2019,"GNB",0,0
2000,"GNQ",0,0
2001,"GNQ",0,0
2002,"GNQ",0,0
2003,"GNQ",0,0
2004,"GNQ",0,0
2005,"GNQ",0,0
2006,"GNQ",0,0
2007,"GNQ",0,0
2008,"GNQ",0,0
2009,"GNQ",0,0
2010,"GNQ",0,0
2011,"GNQ",0,0
2012,"GNQ",0,0
2013,"GNQ",0,0
2014,"GNQ",0,0
2015,"GNQ",0,0
2016,"GNQ",0,0
2017,"GNQ",0,0
2018,"GNQ",0,0
2019,"GNQ",0,0
2000,"GRC",0,0
2001,"GRC",0,0
2002,"GRC",0,0
2003,"GRC",0,0
2004,"GRC",0,0
2005,"GRC",0,0
2006,"GRC",0,0
2007,"GRC",0,0
2008,"GRC",0,0
2009,"GRC",0,0
2010,"GRC",0,0
2011,"GRC",0,0
2012,"GRC",0,0
2013,"GRC",0,0
2014,"GRC",0,0
2015,"GRC",0,0
2016,"GRC",0,0
2017,"GRC",0,0
2018,"GRC",0,0
2019,"GRC",0,0
2000,"GRD",0,0
2001,"GRD",0,0
2002,"GRD",0,0
2003,"GRD",0,0
2004,"GRD",0,0
2005,"GRD",0,0
2006,"GRD",0,0
2007,"GRD",0,0
2008,"GRD",0,0
2009,"GRD",0,0
2010,"GRD",0,0
2011,"GRD",0,0
2012,"GRD",0,0
2013,"GRD",0,0
2014,"GRD",0,0
2015,"GRD",0,0
2016,"GRD",0,0
2017,"GRD",0,0
2018,"GRD",0,0
2019,"GRD",0,0
2000,"GTM",0,0
2001,"GTM",0,0
2002,"GTM",5,0
2003,"GTM",2,0
2004,"GTM",0,0
2005,"GTM",1,0
2006,"GTM",58,1
2007,"GTM",0,0
2008,"GTM",5,0
2009,"GTM",41,1
2010,"GTM",1,0
2011,"GTM",0,0
2012,"GTM",27,1
2013,"GTM",0,0
2014,"GTM",0,0
2015,"GTM",0,0
2016,"GTM",20,0
2017,"GTM",0,0
2018,"GTM",0,0
2019,"GTM",0,0
2000,"GUY",0,0
2001,"GUY",0,0
2002,"GUY",0,0
2003,"GUY",0,0
2004,"GUY",0,0
2005,"GUY",0,0
2006,"GUY",0,0
2007,"GUY",0,0
2008,"GUY",0,0
2009,"GUY",29,1
2010,"GUY",0,0
2011,"GUY",0,0
2012,"GUY",0,0
2013,"GUY",0,0
2014,"GUY",0,0
2015,"GUY",0,0
2016,"GUY",0,0
2017,"GUY",0,0
2018,"GUY",0,0
2019,"GUY",0,0
2000,"HND",9,0
2001,"HND",6,0
2002,"HND",0,0
2003,"HND",1,0
2004,"HND",47,1
2005,"HND",30,1
2006,"HND",0,0
2007,"HND",0,0
2008,"HND",0,0
2009,"HND",18,0
2010,"HND",0,0
2011,"HND",58,1
2012,"HND",18,0
2013,"HND",18,0
2014,"HND",0,0
2015,"HND",21,0
2016,"HND",0,0
2017,"HND",10,0
2018,"HND",0,0
2019,"HND",0,0
2000,"HRV",0,0
2001,"HRV",0,0
2002,"HRV",0,0
2003,"HRV",0,0
2004,"HRV",0,0
2005,"HRV",0,0
2006,"HRV",0,0
2007,"HRV",0,0
2008,"HRV",0,0
2009,"HRV",0,0
2010,"HRV",0,0
2011,"HRV",0,0
2012,"HRV",0,0
2013,"HRV",0,0
2014,"HRV",0,0
2015,"HRV",0,0
2016,"HRV",0,0
2017,"HRV",0,0
2018,"HRV",0,0
2019,"HRV",0,0
2000,"HTI",11,0
2001,"HTI",0,0
2002,"HTI",0,0
2003,"HTI",0,0
2004,"HTI",0,0
2005,"HTI",231,1
2006,"HTI",40,1
2007,"HTI",0,0
2008,"HTI",0,0
2009,"HTI",0,0
2010,"HTI",0,0
2011,"HTI",0,0
2012,"HTI",0,0
2013,"HTI",0,0
2014,"HTI",0,0
2015,"HTI",0,0
2016,"HTI",0,0
2017,"HTI",0,0
2018,"HTI",8,0
2019,"HTI",71,1
2000,"HUN",0,0
2001,"HUN",0,0
2002,"HUN",0,0
2003,"HUN",0,0
2004,"HUN",0,0
2005,"HUN",0,0
2006,"HUN",0,0
2007,"HUN",0,0
2008,"HUN",0,0
2009,"HUN",0,0
2010,"HUN",0,0
2011,"HUN",0,0
2012,"HUN",0,0
2013,"HUN",0,0
2014,"HUN",0,0
2015,"HUN",0,0
2016,"HUN",0,0
2017,"HUN",0,0
2018,"HUN",0,0
2019,"HUN",0,0
2000,"IDN",1805,1
2001,"IDN",917,1
2002,"IDN",834,1
2003,"IDN",762,1
2004,"IDN",1068,1
2005,"IDN",1082,1
2006,"IDN",242,1
2007,"IDN",13,0
2008,"IDN",2,0
2009,"IDN",6,0
2010,"IDN",0,0
2011,"IDN",0,0
2012,"IDN",9,0
2013,"IDN",1,0
2014,"IDN",20,0
2015,"IDN",12,0
2016,"IDN",4,0
2017,"IDN",0,0
2018,"IDN",2,0
2019,"IDN",32,1
2000,"IND",2563,1
2001,"IND",4093,1
2002,"IND",1730,1
2003,"IND",3035,1
2004,"IND",2426,1
2005,"IND",1642,1
2006,"IND",2015,1
2007,"IND",2155,1
2008,"IND",1720,1
2009,"IND",1856,1
2010,"IND",1621,1
2011,"IND",1633,1
2012,"IND",798,1
2013,"IND",801,1
2014,"IND",702,1
2015,"IND",734,1
2016,"IND",622,1
2017,"IND",761,1
2018,"IND",847,1
2019,"IND",950,1
2000,"IRL",0,0
2001,"IRL",0,0
2002,"IRL",0,0
2003,"IRL",0,0
2004,"IRL",0,0
2005,"IRL",0,0
2006,"IRL",0,0
2007,"IRL",0,0
2008,"IRL",0,0
2009,"IRL",0,0
2010,"IRL",0,0
2011,"IRL",0,0
2012,"IRL",0,0
2013,"IRL",0,0
2014,"IRL",0,0
2015,"IRL",0,0
2016,"IRL",0,0
2017,"IRL",0,0
2018,"IRL",0,0
2019,"IRL",0,0
2000,"IRN",19,0
2001,"IRN",41,1
2002,"IRN",112,1
2003,"IRN",0,0
2004,"IRN",2,0
2005,"IRN",0,0
2006,"IRN",53,1
2007,"IRN",61,1
2008,"IRN",86,1
2009,"IRN",117,1
2010,"IRN",167,1
2011,"IRN",101,1
2012,"IRN",220,1
2013,"IRN",17,0
2014,"IRN",11,0
2015,"IRN",5,0
2016,"IRN",25,1
2017,"IRN",69,1
2018,"IRN",58,1
2019,"IRN",92,1
2000,"IRQ",308,1
2001,"IRQ",193,1
2002,"IRQ",56,1
2003,"IRQ",111,1
2004,"IRQ",8021,1
2005,"IRQ",4366,1
2006,"IRQ",3521,1
2007,"IRQ",4598,1
2008,"IRQ",4489,1
2009,"IRQ",2765,1
2010,"IRQ",1720,1
2011,"IRQ",1857,1
2012,"IRQ",1399,1
2013,"IRQ",1407,1
2014,"IRQ",4010,1
2015,"IRQ",16437,1
2016,"IRQ",11303,1
2017,"IRQ",12025,1
2018,"IRQ",11400,1
2019,"IRQ",1443,1
2000,"ISL",0,0
2001,"ISL",0,0
2002,"ISL",0,0
2003,"ISL",0,0
2004,"ISL",0,0
2005,"ISL",0,0
2006,"ISL",0,0
2007,"ISL",0,0
2008,"ISL",0,0
2009,"ISL",0,0
2010,"ISL",0,0
2011,"ISL",0,0
2012,"ISL",0,0
2013,"ISL",0,0
2014,"ISL",0,0
2015,"ISL",0,0
2016,"ISL",0,0
2017,"ISL",0,0
2018,"ISL",0,0
2019,"ISL",0,0
2000,"ITA",0,0
2001,"ITA",0,0
2002,"ITA",0,0
2003,"ITA",0,0
2004,"ITA",0,0
2005,"ITA",0,0
2006,"ITA",0,0
2007,"ITA",0,0
2008,"ITA",0,0
2009,"ITA",0,0
2010,"ITA",0,0
2011,"ITA",0,0
2012,"ITA",0,0
2013,"ITA",0,0
2014,"ITA",0,0
2015,"ITA",0,0
2016,"ITA",0,0
2017,"ITA",0,0
2018,"ITA",0,0
2019,"ITA",0,0
2000,"JAM",0,0
2001,"JAM",0,0
2002,"JAM",116,1
2003,"JAM",15,0
2004,"JAM",7,0
2005,"JAM",0,0
2006,"JAM",0,0
2007,"JAM",0,0
2008,"JAM",0,0
2009,"JAM",0,0
2010,"JAM",0,0
2011,"JAM",0,0
2012,"JAM",0,0
2013,"JAM",0,0
2014,"JAM",0,0
2015,"JAM",0,0
2016,"JAM",0,0
2017,"JAM",0,0
2018,"JAM",0,0
2019,"JAM",0,0
2000,"JOR",0,0
2001,"JOR",0,0
2002,"JOR",0,0
2003,"JOR",0,0
2004,"JOR",0,0
2005,"JOR",0,0
2006,"JOR",59,1
2007,"JOR",0,0
2008,"JOR",0,0
2009,"JOR",0,0
2010,"JOR",0,0
2011,"JOR",0,0
2012,"JOR",0,0
2013,"JOR",0,0
2014,"JOR",0,0
2015,"JOR",0,0
2016,"JOR",1,0
2017,"JOR",37,1
2018,"JOR",0,0
2019,"JOR",0,0
2000,"JPN",0,0
2001,"JPN",0,0
2002,"JPN",0,0
2003,"JPN",0,0
2004,"JPN",0,0
2005,"JPN",0,0
2006,"JPN",0,0
2007,"JPN",0,0
2008,"JPN",0,0
2009,"JPN",0,0
2010,"JPN",0,0
2011,"JPN",0,0
2012,"JPN",0,0
2013,"JPN",0,0
2014,"JPN",0,0
2015,"JPN",0,0
2016,"JPN",0,0
2017,"JPN",0,0
2018,"JPN",0,0
2019,"JPN",0,0
2000,"KAZ",0,0
2001,"KAZ",0,0
2002,"KAZ",0,0
2003,"KAZ",0,0
2004,"KAZ",0,0
2005,"KAZ",0,0
2006,"KAZ",0,0
2007,"KAZ",0,0
2008,"KAZ",0,0
2009,"KAZ",0,0
2010,"KAZ",0,0
2011,"KAZ",0,0
2012,"KAZ",0,0
2013,"KAZ",0,0
2014,"KAZ",0,0
2015,"KAZ",0,0
2016,"KAZ",0,0
2017,"KAZ",0,0
2018,"KAZ",0,0
2019,"KAZ",0,0
2000,"KEN",229,1
2001,"KEN",254,1
2002,"KEN",192,1
2003,"KEN",45,1
2004,"KEN",7,0
2005,"KEN",20,0
2006,"KEN",215,1
2007,"KEN",219,1
2008,"KEN",200,1
2009,"KEN",783,1
2010,"KEN",170,1
2011,"KEN",87,1
2012,"KEN",144,1
2013,"KEN",309,1
2014,"KEN",267,1
2015,"KEN",344,1
2016,"KEN",389,1
2017,"KEN",130,1
2018,"KEN",228,1
2019,"KEN",164,1
2000,"KGZ",14,0
2001,"KGZ",174,1
2002,"KGZ",0,0
2003,"KGZ",0,0
2004,"KGZ",0,0
2005,"KGZ",0,0
2006,"KGZ",0,0
2007,"KGZ",6,0
2008,"KGZ",0,0
2009,"KGZ",0,0
2010,"KGZ",0,0
2011,"KGZ",44,1
2012,"KGZ",0,0
2013,"KGZ",0,0
2014,"KGZ",0,0
2015,"KGZ",0,0
2016,"KGZ",1,0
2017,"KGZ",0,0
2018,"KGZ",0,0
2019,"KGZ",0,0
2000,"KHM",0,0
2001,"KHM",4,0
2002,"KHM",0,0
2003,"KHM",0,0
2004,"KHM",1,0
2005,"KHM",0,0
2006,"KHM",0,0
2007,"KHM",0,0
2008,"KHM",2,0
2009,"KHM",2,0
2010,"KHM",2,0
2011,"KHM",0,0
2012,"KHM",10,0
2013,"KHM",1,0
2014,"KHM",0,0
2015,"KHM",0,0
2016,"KHM",0,0
2017,"KHM",0,0
2018,"KHM",0,0
2019,"KHM",0,0
2000,"KIR",0,0
2001,"KIR",0,0
2002,"KIR",0,0
2003,"KIR",0,0
2004,"KIR",0,0
2005,"KIR",0,0
2006,"KIR",0,0
2007,"KIR",0,0
2008,"KIR",0,0
2009,"KIR",0,0
2010,"KIR",0,0
2011,"KIR",0,0
2012,"KIR",0,0
2013,"KIR",0,0
2014,"KIR",0,0
2015,"KIR",0,0
2016,"KIR",0,0
2017,"KIR",0,0
2018,"KIR",0,0
2019,"KIR",0,0
2000,"KOR",0,0
2001,"KOR",0,0
2002,"KOR",0,0
2003,"KOR",0,0
2004,"KOR",0,0
2005,"KOR",0,0
2006,"KOR",0,0
2007,"KOR",0,0
2008,"KOR",0,0
2009,"KOR",0,0
2010,"KOR",0,0
2011,"KOR",0,0
2012,"KOR",0,0
2013,"KOR",0,0
2014,"KOR",0,0
2015,"KOR",0,0
2016,"KOR",0,0
2017,"KOR",0,0
2018,"KOR",0,0
2019,"KOR",0,0
2000,"KWT",0,0
2001,"KWT",0,0
2002,"KWT",0,0
2003,"KWT",0,0
2004,"KWT",0,0
2005,"KWT",0,0
2006,"KWT",0,0
2007,"KWT",0,0
2008,"KWT",0,0
2009,"KWT",0,0
2010,"KWT",0,0
2011,"KWT",0,0
2012,"KWT",0,0
2013,"KWT",0,0
2014,"KWT",0,0
2015,"KWT",0,0
2016,"KWT",26,1
2017,"KWT",0,0
2018,"KWT",0,0
2019,"KWT",0,0
2000,"LAO",2,0
2001,"LAO",7,0
2002,"LAO",0,0
2003,"LAO",4,0
2004,"LAO",5,0
2005,"LAO",4,0
2006,"LAO",0,0
2007,"LAO",73,1
2008,"LAO",0,0
2009,"LAO",0,0
2010,"LAO",0,0
2011,"LAO",0,0
2012,"LAO",0,0
2013,"LAO",0,0
2014,"LAO",0,0
2015,"LAO",0,0
2016,"LAO",0,0
2017,"LAO",0,0
2018,"LAO",0,0
2019,"LAO",0,0
2000,"LBN",74,1
2001,"LBN",56,1
2002,"LBN",4,0
2003,"LBN",0,0
2004,"LBN",1,0
2005,"LBN",0,0
2006,"LBN",3,0
2007,"LBN",747,1
2008,"LBN",0,0
2009,"LBN",38,1
2010,"LBN",0,0
2011,"LBN",0,0
2012,"LBN",4,0
2013,"LBN",53,1
2014,"LBN",179,1
2015,"LBN",228,1
2016,"LBN",200,1
2017,"LBN",56,1
2018,"LBN",297,1
2019,"LBN",2,0
2000,"LBR",70,1
2001,"LBR",101,1
2002,"LBR",481,1
2003,"LBR",2259,1
2004,"LBR",3281,1
2005,"LBR",0,0
2006,"LBR",0,0
2007,"LBR",0,0
2008,"LBR",0,0
2009,"LBR",0,0
2010,"LBR",0,0
2011,"LBR",0,0
2012,"LBR",0,0
2013,"LBR",0,0
2014,"LBR",0,0
2015,"LBR",0,0
2016,"LBR",0,0
2017,"LBR",0,0
2018,"LBR",0,0
2019,"LBR",0,0
2000,"LBY",0,0
2001,"LBY",0,0
2002,"LBY",0,0
2003,"LBY",0,0
2004,"LBY",0,0
2005,"LBY",0,0
2006,"LBY",0,0
2007,"LBY",0,0
2008,"LBY",0,0
2009,"LBY",6,0
2010,"LBY",0,0
2011,"LBY",0,0
2012,"LBY",3914,1
2013,"LBY",378,1
2014,"LBY",36,1
2015,"LBY",1455,1
2016,"LBY",1594,1
2017,"LBY",2349,1
2018,"LBY",1096,1
2019,"LBY",670,1
2000,"LCA",0,0
2001,"LCA",0,0
2002,"LCA",0,0
2003,"LCA",0,0
2004,"LCA",0,0
2005,"LCA",0,0
2006,"LCA",0,0
2007,"LCA",0,0
2008,"LCA",0,0
2009,"LCA",0,0
2010,"LCA",0,0
2011,"LCA",0,0
2012,"LCA",0,0
2013,"LCA",0,0
2014,"LCA",0,0
2015,"LCA",0,0
2016,"LCA",0,0
2017,"LCA",0,0
2018,"LCA",0,0
2019,"LCA",0,0
2000,"LKA",1948,1
2001,"LKA",2569,1
2002,"LKA",1162,1
2003,"LKA",17,0
2004,"LKA",33,1
2005,"LKA",84,1
2006,"LKA",130,1
2007,"LKA",2173,1
2008,"LKA",2564,1
2009,"LKA",8453,1
2010,"LKA",10418,1
2011,"LKA",0,0
2012,"LKA",2,0
2013,"LKA",0,0
2014,"LKA",5,0
2015,"LKA",0,0
2016,"LKA",0,0
2017,"LKA",0,0
2018,"LKA",1,0
2019,"LKA",0,0
2000,"LSO",0,0
2001,"LSO",0,0
2002,"LSO",0,0
2003,"LSO",0,0
2004,"LSO",0,0
2005,"LSO",0,0
2006,"LSO",0,0
2007,"LSO",0,0
2008,"LSO",0,0
2009,"LSO",0,0
2010,"LSO",0,0
2011,"LSO",0,0
2012,"LSO",0,0
2013,"LSO",0,0
2014,"LSO",0,0
2015,"LSO",0,0
2016,"LSO",0,0
2017,"LSO",0,0
2018,"LSO",0,0
2019,"LSO",0,0
2000,"LTU",0,0
2001,"LTU",0,0
2002,"LTU",0,0
2003,"LTU",0,0
2004,"LTU",0,0
2005,"LTU",0,0
2006,"LTU",0,0
2007,"LTU",0,0
2008,"LTU",0,0
2009,"LTU",0,0
2010,"LTU",0,0
2011,"LTU",0,0
2012,"LTU",0,0
2013,"LTU",0,0
2014,"LTU",0,0
2015,"LTU",0,0
2016,"LTU",0,0
2017,"LTU",0,0
2018,"LTU",0,0
2019,"LTU",0,0
2000,"LUX",0,0
2001,"LUX",0,0
2002,"LUX",0,0
2003,"LUX",0,0
2004,"LUX",0,0
2005,"LUX",0,0
2006,"LUX",0,0
2007,"LUX",0,0
2008,"LUX",0,0
2009,"LUX",0,0
2010,"LUX",0,0
2011,"LUX",0,0
2012,"LUX",0,0
2013,"LUX",0,0
2014,"LUX",0,0
2015,"LUX",0,0
2016,"LUX",0,0
2017,"LUX",0,0
2018,"LUX",0,0
2019,"LUX",0,0
2000,"LVA",0,0
2001,"LVA",0,0
2002,"LVA",0,0
2003,"LVA",0,0
2004,"LVA",0,0
2005,"LVA",0,0
2006,"LVA",0,0
2007,"LVA",0,0
2008,"LVA",0,0
2009,"LVA",0,0
2010,"LVA",0,0
2011,"LVA",0,0
2012,"LVA",0,0
2013,"LVA",0,0
2014,"LVA",0,0
2015,"LVA",0,0
2016,"LVA",0,0
2017,"LVA",0,0
2018,"LVA",0,0
2019,"LVA",0,0
2000,"MAR",0,0
2001,"MAR",0,0
2002,"MAR",0,0
2003,"MAR",0,0
2004,"MAR",34,1
2005,"MAR",0,0
2006,"MAR",0,0
2007,"MAR",0,0
2008,"MAR",0,0
2009,"MAR",0,0
2010,"MAR",0,0
2011,"MAR",0,0
2012,"MAR",0,0
2013,"MAR",0,0
2014,"MAR",0,0
2015,"MAR",0,0
2016,"MAR",0,0
2017,"MAR",0,0
2018,"MAR",0,0
2019,"MAR",0,0
2000,"MDA",0,0
2001,"MDA",0,0
2002,"MDA",0,0
2003,"MDA",0,0
2004,"MDA",0,0
2005,"MDA",0,0
2006,"MDA",0,0
2007,"MDA",0,0
2008,"MDA",0,0
2009,"MDA",0,0
2010,"MDA",0,0
2011,"MDA",0,0
2012,"MDA",0,0
2013,"MDA",0,0
2014,"MDA",0,0
2015,"MDA",0,0
2016,"MDA",0,0
2017,"MDA",0,0
2018,"MDA",0,0
2019,"MDA",0,0
2000,"MDG",0,0
2001,"MDG",0,0
2002,"MDG",0,0
2003,"MDG",79,1
2004,"MDG",0,0
2005,"MDG",0,0
2006,"MDG",0,0
2007,"MDG",0,0
2008,"MDG",0,0
2009,"MDG",0,0
2010,"MDG",113,1
2011,"MDG",0,0
2012,"MDG",0,0
2013,"MDG",15,0
2014,"MDG",0,0
2015,"MDG",0,0
2016,"MDG",0,0
2017,"MDG",0,0
2018,"MDG",1,0
2019,"MDG",0,0
2000,"MDV",0,0
2001,"MDV",0,0
2002,"MDV",0,0
2003,"MDV",0,0
2004,"MDV",0,0
2005,"MDV",0,0
2006,"MDV",0,0
2007,"MDV",0,0
2008,"MDV",0,0
2009,"MDV",0,0
2010,"MDV",0,0
2011,"MDV",0,0
2012,"MDV",0,0
2013,"MDV",0,0
2014,"MDV",0,0
2015,"MDV",0,0
2016,"MDV",0,0
2017,"MDV",0,0
2018,"MDV",0,0
2019,"MDV",0,0
2000,"MEX",0,0
2001,"MEX",0,0
2002,"MEX",0,0
2003,"MEX",26,1
2004,"MEX",0,0
2005,"MEX",220,1
2006,"MEX",204,1
2007,"MEX",669,1
2008,"MEX",1943,1
2009,"MEX",2188,1
2010,"MEX",3598,1
2011,"MEX",3582,1
2012,"MEX",2893,1
2013,"MEX",1699,1
2014,"MEX",776,1
2015,"MEX",1646,1
2016,"MEX",1654,1
2017,"MEX",1320,1
2018,"MEX",1465,1
2019,"MEX",8803,1
2000,"MHL",0,0
2001,"MHL",0,0
2002,"MHL",0,0
2003,"MHL",0,0
2004,"MHL",0,0
2005,"MHL",0,0
2006,"MHL",0,0
2007,"MHL",0,0
2008,"MHL",0,0
2009,"MHL",0,0
2010,"MHL",0,0
2011,"MHL",0,0
2012,"MHL",0,0
2013,"MHL",0,0
2014,"MHL",0,0
2015,"MHL",0,0
2016,"MHL",0,0
2017,"MHL",0,0
2018,"MHL",0,0
2019,"MHL",0,0
2000,"MKD",6,0
2001,"MKD",3,0
2002,"MKD",72,1
2003,"MKD",0,0
2004,"MKD",0,0
2005,"MKD",0,0
2006,"MKD",0,0
2007,"MKD",0,0
2008,"MKD",0,0
2009,"MKD",0,0
2010,"MKD",0,0
2011,"MKD",0,0
2012,"MKD",0,0
2013,"MKD",0,0
2014,"MKD",0,0
2015,"MKD",0,0
2016,"MKD",0,0
2017,"MKD",0,0
2018,"MKD",0,0
2019,"MKD",0,0
2000,"MLI",59,1
2001,"MLI",0,0
2002,"MLI",0,0
2003,"MLI",5,0
2004,"MLI",0,0
2005,"MLI",20,0
2006,"MLI",12,0
2007,"MLI",0,0
2008,"MLI",39,1
2009,"MLI",113,1
2010,"MLI",127,1
2011,"MLI",28,1
2012,"MLI",23,0
2013,"MLI",359,1
2014,"MLI",881,1
2015,"MLI",291,1
2016,"MLI",256,1
2017,"MLI",182,1
2018,"MLI",605,1
2019,"MLI",1281,1
2000,"MLT",0,0
2001,"MLT",0,0
2002,"MLT",0,0
2003,"MLT",0,0
2004,"MLT",0,0
2005,"MLT",0,0
2006,"MLT",0,0
2007,"MLT",0,0
2008,"MLT",0,0
2009,"MLT",0,0
2010,"MLT",0,0
2011,"MLT",0,0
2012,"MLT",0,0
2013,"MLT",0,0
2014,"MLT",0,0
2015,"MLT",0,0
2016,"MLT",0,0
2017,"MLT",0,0
2018,"MLT",0,0
2019,"MLT",0,0
2000,"MMR",369,1
2001,"MMR",748,1
2002,"MMR",385,1
2003,"MMR",543,1
2004,"MMR",272,1
2005,"MMR",177,1
2006,"MMR",447,1
2007,"MMR",452,1
2008,"MMR",700,1
2009,"MMR",102,1
2010,"MMR",225,1
2011,"MMR",185,1
2012,"MMR",810,1
2013,"MMR",971,1
2014,"MMR",358,1
2015,"MMR",256,1
2016,"MMR",705,1
2017,"MMR",183,1
2018,"MMR",2395,1
2019,"MMR",122,1
2000,"MNE",0,0
2001,"MNE",0,0
2002,"MNE",0,0
2003,"MNE",0,0
2004,"MNE",0,0
2005,"MNE",0,0
2006,"MNE",0,0
2007,"MNE",0,0
2008,"MNE",0,0
2009,"MNE",0,0
2010,"MNE",0,0
2011,"MNE",0,0
2012,"MNE",0,0
2013,"MNE",0,0
2014,"MNE",0,0
2015,"MNE",0,0
2016,"MNE",0,0
2017,"MNE",0,0
2018,"MNE",0,0
2019,"MNE",0,0
2000,"MNG",0,0
2001,"MNG",0,0
2002,"MNG",0,0
2003,"MNG",0,0
2004,"MNG",0,0
2005,"MNG",0,0
2006,"MNG",0,0
2007,"MNG",0,0
2008,"MNG",0,0
2009,"MNG",0,0
2010,"MNG",0,0
2011,"MNG",0,0
2012,"MNG",0,0
2013,"MNG",0,0
2014,"MNG",0,0
2015,"MNG",0,0
2016,"MNG",0,0
2017,"MNG",0,0
2018,"MNG",0,0
2019,"MNG",0,0
2000,"MOZ",0,0
2001,"MOZ",0,0
2002,"MOZ",0,0
2003,"MOZ",0,0
2004,"MOZ",0,0
2005,"MOZ",1,0
2006,"MOZ",13,0
2007,"MOZ",0,0
2008,"MOZ",0,0
2009,"MOZ",0,0
2010,"MOZ",0,0
2011,"MOZ",7,0
2012,"MOZ",0,0
2013,"MOZ",2,0
2014,"MOZ",45,1
2015,"MOZ",30,1
2016,"MOZ",3,0
2017,"MOZ",68,1
2018,"MOZ",3,0
2019,"MOZ",173,1
2000,"MRT",0,0
2001,"MRT",0,0
2002,"MRT",0,0
2003,"MRT",0,0
2004,"MRT",0,0
2005,"MRT",0,0
2006,"MRT",0,0
2007,"MRT",0,0
2008,"MRT",4,0
2009,"MRT",12,0
2010,"MRT",1,0
2011,"MRT",1,0
2012,"MRT",13,0
2013,"MRT",1,0
2014,"MRT",0,0
2015,"MRT",0,0
2016,"MRT",0,0
2017,"MRT",0,0
2018,"MRT",0,0
2019,"MRT",0,0
2000,"MUS",0,0
2001,"MUS",0,0
2002,"MUS",0,0
2003,"MUS",0,0
2004,"MUS",0,0
2005,"MUS",0,0
2006,"MUS",0,0
2007,"MUS",0,0
2008,"MUS",0,0
2009,"MUS",0,0
2010,"MUS",0,0
2011,"MUS",0,0
2012,"MUS",0,0
2013,"MUS",0,0
2014,"MUS",0,0
2015,"MUS",0,0
2016,"MUS",0,0
2017,"MUS",0,0
2018,"MUS",0,0
2019,"MUS",0,0
2000,"MWI",0,0
2001,"MWI",0,0
2002,"MWI",0,0
2003,"MWI",0,0
2004,"MWI",0,0
2005,"MWI",0,0
2006,"MWI",0,0
2007,"MWI",0,0
2008,"MWI",0,0
2009,"MWI",0,0
2010,"MWI",0,0
2011,"MWI",0,0
2012,"MWI",0,0
2013,"MWI",0,0
2014,"MWI",0,0
2015,"MWI",0,0
2016,"MWI",0,0
2017,"MWI",0,0
2018,"MWI",0,0
2019,"MWI",0,0
2000,"MYS",0,0
2001,"MYS",0,0
2002,"MYS",0,0
2003,"MYS",0,0
2004,"MYS",0,0
2005,"MYS",0,0
2006,"MYS",0,0
2007,"MYS",0,0
2008,"MYS",0,0
2009,"MYS",0,0
2010,"MYS",0,0
2011,"MYS",0,0
2012,"MYS",0,0
2013,"MYS",0,0
2014,"MYS",70,1
2015,"MYS",0,0
2016,"MYS",0,0
2017,"MYS",0,0
2018,"MYS",1,0
2019,"MYS",0,0
2000,"NAM",1,0
2001,"NAM",66,1
2002,"NAM",0,0
2003,"NAM",5,0
2004,"NAM",0,0
2005,"NAM",0,0
2006,"NAM",0,0
2007,"NAM",0,0
2008,"NAM",0,0
2009,"NAM",0,0
2010,"NAM",0,0
2011,"NAM",0,0
2012,"NAM",0,0
2013,"NAM",0,0
2014,"NAM",0,0
2015,"NAM",0,0
2016,"NAM",0,0
2017,"NAM",0,0
2018,"NAM",0,0
2019,"NAM",0,0
2000,"NER",0,0
2001,"NER",0,0
2002,"NER",0,0
2003,"NER",0,0
2004,"NER",0,0
2005,"NER",4,0
2006,"NER",0,0
2007,"NER",0,0
2008,"NER",98,1
2009,"NER",56,1
2010,"NER",0,0
2011,"NER",0,0
2012,"NER",0,0
2013,"NER",1,0
2014,"NER",31,1
2015,"NER",5,0
2016,"NER",533,1
2017,"NER",299,1
2018,"NER",255,1
2019,"NER",181,1
2000,"NGA",3519,1
2001,"NGA",2104,1
2002,"NGA",2417,1
2003,"NGA",612,1
2004,"NGA",443,1
2005,"NGA",2118,1
2006,"NGA",216,1
2007,"NGA",225,1
2008,"NGA",153,1
2009,"NGA",425,1
2010,"NGA",530,1
2011,"NGA",980,1
2012,"NGA",1830,1
2013,"NGA",2016,1
2014,"NGA",3382,1
2015,"NGA",10338,1
2016,"NGA",9107,1
2017,"NGA",3902,1
2018,"NGA",3572,1
2019,"NGA",3225,1
2000,"NIC",0,0
2001,"NIC",0,0
2002,"NIC",0,0
2003,"NIC",0,0
2004,"NIC",0,0
2005,"NIC",0,0
2006,"NIC",0,0
2007,"NIC",0,0
2008,"NIC",0,0
2009,"NIC",0,0
2010,"NIC",0,0
2011,"NIC",0,0
2012,"NIC",0,0
2013,"NIC",0,0
2014,"NIC",0,0
2015,"NIC",0,0
2016,"NIC",0,0
2017,"NIC",0,0
2018,"NIC",0,0
2019,"NIC",0,0
2000,"NLD",0,0
2001,"NLD",0,0
2002,"NLD",0,0
2003,"NLD",0,0
2004,"NLD",0,0
2005,"NLD",0,0
2006,"NLD",0,0
2007,"NLD",0,0
2008,"NLD",0,0
2009,"NLD",0,0
2010,"NLD",0,0
2011,"NLD",0,0
2012,"NLD",0,0
2013,"NLD",0,0
2014,"NLD",0,0
2015,"NLD",0,0
2016,"NLD",0,0
2017,"NLD",0,0
2018,"NLD",0,0
2019,"NLD",0,0
2000,"NOR",0,0
2001,"NOR",0,0
2002,"NOR",0,0
2003,"NOR",0,0
2004,"NOR",0,0
2005,"NOR",0,0
2006,"NOR",0,0
2007,"NOR",0,0
2008,"NOR",0,0
2009,"NOR",0,0
2010,"NOR",0,0
2011,"NOR",0,0
2012,"NOR",0,0
2013,"NOR",0,0
2014,"NOR",0,0
2015,"NOR",0,0
2016,"NOR",0,0
2017,"NOR",0,0
2018,"NOR",0,0
2019,"NOR",0,0
2000,"NPL",295,1
2001,"NPL",365,1
2002,"NPL",569,1
2003,"NPL",4432,1
2004,"NPL",1732,1
2005,"NPL",2456,1
2006,"NPL",1399,1
2007,"NPL",566,1
2008,"NPL",31,1
2009,"NPL",0,0
2010,"NPL",9,0
2011,"NPL",0,0
2012,"NPL",0,0
2013,"NPL",0,0
2014,"NPL",0,0
2015,"NPL",0,0
2016,"NPL",0,0
2017,"NPL",0,0
2018,"NPL",0,0
2019,"NPL",0,0
2000,"NZL",0,0
2001,"NZL",0,0
2002,"NZL",0,0
2003,"NZL",0,0
2004,"NZL",0,0
2005,"NZL",0,0
2006,"NZL",0,0
2007,"NZL",0,0
2008,"NZL",0,0
2009,"NZL",0,0
2010,"NZL",0,0
2011,"NZL",0,0
2012,"NZL",0,0
2013,"NZL",0,0
2014,"NZL",0,0
2015,"NZL",0,0
2016,"NZL",0,0
2017,"NZL",0,0
2018,"NZL",0,0
2019,"NZL",0,0
2000,"OMN",0,0
2001,"OMN",0,0
2002,"OMN",0,0
2003,"OMN",0,0
2004,"OMN",0,0
2005,"OMN",0,0
2006,"OMN",0,0
2007,"OMN",0,0
2008,"OMN",0,0
2009,"OMN",0,0
2010,"OMN",0,0
2011,"OMN",0,0
2012,"OMN",0,0
2013,"OMN",0,0
2014,"OMN",0,0
2015,"OMN",0,0
2016,"OMN",0,0
2017,"OMN",0,0
2018,"OMN",0,0
2019,"OMN",0,0
2000,"PAK",57,1
2001,"PAK",59,1
2002,"PAK",42,1
2003,"PAK",170,1
2004,"PAK",242,1
2005,"PAK",430,1
2006,"PAK",153,1
2007,"PAK",427,1
2008,"PAK",1366,1
2009,"PAK",4620,1
2010,"PAK",7460,1
2011,"PAK",7226,1
2012,"PAK",3475,1
2013,"PAK",3541,1
2014,"PAK",2914,1
2015,"PAK",3620,1
2016,"PAK",2450,1
2017,"PAK",1100,1
2018,"PAK",954,1
2019,"PAK",483,1
2000,"PAN",0,0
2001,"PAN",0,0
2002,"PAN",0,0
2003,"PAN",0,0
2004,"PAN",0,0
2005,"PAN",0,0
2006,"PAN",0,0
2007,"PAN",0,0
2008,"PAN",0,0
2009,"PAN",0,0
2010,"PAN",0,0
2011,"PAN",0,0
2012,"PAN",0,0
2013,"PAN",0,0
2014,"PAN",0,0
2015,"PAN",0,0
2016,"PAN",0,0
2017,"PAN",0,0
2018,"PAN",0,0
2019,"PAN",0,0
2000,"PER",89,1
2001,"PER",5,0
2002,"PER",21,0
2003,"PER",13,0
2004,"PER",13,0
2005,"PER",3,0
2006,"PER",0,0
2007,"PER",11,0
2008,"PER",32,1
2009,"PER",40,1
2010,"PER",54,1
2011,"PER",29,1
2012,"PER",15,0
2013,"PER",0,0
2014,"PER",3,0
2015,"PER",14,0
2016,"PER",9,0
2017,"PER",11,0
2018,"PER",7,0
2019,"PER",0,0
2000,"PHL",219,1
2001,"PHL",1761,1
2002,"PHL",792,1
2003,"PHL",763,1
2004,"PHL",1132,1
2005,"PHL",470,1
2006,"PHL",487,1
2007,"PHL",434,1
2008,"PHL",483,1
2009,"PHL",566,1
2010,"PHL",1047,1
2011,"PHL",372,1
2012,"PHL",414,1
2013,"PHL",311,1
2014,"PHL",537,1
2015,"PHL",484,1
2016,"PHL",628,1
2017,"PHL",616,1
2018,"PHL",1708,1
2019,"PHL",436,1
2000,"PNG",60,1
2001,"PNG",13,0
2002,"PNG",65,1
2003,"PNG",7,0
2004,"PNG",0,0
2005,"PNG",0,0
2006,"PNG",0,0
2007,"PNG",0,0
2008,"PNG",0,0
2009,"PNG",0,0
2010,"PNG",0,0
2011,"PNG",0,0
2012,"PNG",0,0
2013,"PNG",57,1
2014,"PNG",0,0
2015,"PNG",0,0
2016,"PNG",0,0
2017,"PNG",0,0
2018,"PNG",0,0
2019,"PNG",0,0
2000,"POL",0,0
2001,"POL",0,0
2002,"POL",0,0
2003,"POL",0,0
2004,"POL",0,0
2005,"POL",0,0
2006,"POL",0,0
2007,"POL",0,0
2008,"POL",0,0
2009,"POL",0,0
2010,"POL",0,0
2011,"POL",0,0
2012,"POL",0,0
2013,"POL",0,0
2014,"POL",0,0
2015,"POL",0,0
2016,"POL",0,0
2017,"POL",0,0
2018,"POL",0,0
2019,"POL",0,0
2000,"PRI",0,0
2001,"PRI",0,0
2002,"PRI",0,0
2003,"PRI",0,0
2004,"PRI",0,0
2005,"PRI",0,0
2006,"PRI",0,0
2007,"PRI",0,0
2008,"PRI",0,0
2009,"PRI",0,0
2010,"PRI",0,0
2011,"PRI",0,0
2012,"PRI",0,0
2013,"PRI",0,0
2014,"PRI",0,0
2015,"PRI",0,0
2016,"PRI",0,0
2017,"PRI",0,0
2018,"PRI",0,0
2019,"PRI",0,0
2000,"PRK",0,0
2001,"PRK",0,0
2002,"PRK",0,0
2003,"PRK",0,0
2004,"PRK",0,0
2005,"PRK",0,0
2006,"PRK",0,0
2007,"PRK",0,0
2008,"PRK",0,0
2009,"PRK",0,0
2010,"PRK",0,0
2011,"PRK",0,0
2012,"PRK",0,0
2013,"PRK",0,0
2014,"PRK",0,0
2015,"PRK",0,0
2016,"PRK",0,0
2017,"PRK",0,0
2018,"PRK",0,0
2019,"PRK",0,0
2000,"PRT",0,0
2001,"PRT",0,0
2002,"PRT",0,0
2003,"PRT",0,0
2004,"PRT",0,0
2005,"PRT",0,0
2006,"PRT",0,0
2007,"PRT",0,0
2008,"PRT",0,0
2009,"PRT",0,0
2010,"PRT",0,0
2011,"PRT",0,0
2012,"PRT",0,0
2013,"PRT",0,0
2014,"PRT",0,0
2015,"PRT",0,0
2016,"PRT",0,0
2017,"PRT",0,0
2018,"PRT",0,0
2019,"PRT",0,0
2000,"PRY",0,0
2001,"PRY",0,0
2002,"PRY",0,0
2003,"PRY",0,0
2004,"PRY",0,0
2005,"PRY",0,0
2006,"PRY",0,0
2007,"PRY",0,0
2008,"PRY",0,0
2009,"PRY",0,0
2010,"PRY",0,0
2011,"PRY",0,0
2012,"PRY",0,0
2013,"PRY",0,0
2014,"PRY",0,0
2015,"PRY",0,0
2016,"PRY",0,0
2017,"PRY",0,0
2018,"PRY",0,0
2019,"PRY",0,0
2000,"QAT",0,0
2001,"QAT",0,0
2002,"QAT",0,0
2003,"QAT",0,0
2004,"QAT",0,0
2005,"QAT",0,0
2006,"QAT",0,0
2007,"QAT",0,0
2008,"QAT",0,0
2009,"QAT",0,0
2010,"QAT",0,0
2011,"QAT",0,0
2012,"QAT",0,0
2013,"QAT",0,0
2014,"QAT",0,0
2015,"QAT",0,0
2016,"QAT",0,0
2017,"QAT",0,0
2018,"QAT",0,0
2019,"QAT",0,0
2000,"ROU",0,0
2001,"ROU",0,0
2002,"ROU",0,0
2003,"ROU",0,0
2004,"ROU",0,0
2005,"ROU",0,0
2006,"ROU",0,0
2007,"ROU",0,0
2008,"ROU",0,0
2009,"ROU",0,0
2010,"ROU",0,0
2011,"ROU",0,0
2012,"ROU",0,0
2013,"ROU",0,0
2014,"ROU",0,0
2015,"ROU",0,0
2016,"ROU",0,0
2017,"ROU",0,0
2018,"ROU",0,0
2019,"ROU",0,0
2000,"RUS",6197,1
2001,"RUS",4333,1
2002,"RUS",992,1
2003,"RUS",1509,1
2004,"RUS",539,1
2005,"RUS",1317,1
2006,"RUS",688,1
2007,"RUS",260,1
2008,"RUS",182,1
2009,"RUS",410,1
2010,"RUS",697,1
2011,"RUS",481,1
2012,"RUS",396,1
2013,"RUS",525,1
2014,"RUS",365,1
2015,"RUS",176,1
2016,"RUS",86,1
2017,"RUS",78,1
2018,"RUS",53,1
2019,"RUS",38,1
2000,"RWA",29,1
2001,"RWA",0,0
2002,"RWA",2044,1
2003,"RWA",0,0
2004,"RWA",0,0
2005,"RWA",16,0
2006,"RWA",0,0
2007,"RWA",0,0
2008,"RWA",0,0
2009,"RWA",0,0
2010,"RWA",2,0
2011,"RWA",0,0
2012,"RWA",0,0
2013,"RWA",13,0
2014,"RWA",4,0
2015,"RWA",0,0
2016,"RWA",0,0
2017,"RWA",27,1
2018,"RWA",10,0
2019,"RWA",6,0
2000,"SAU",0,0
2001,"SAU",0,0
2002,"SAU",0,0
2003,"SAU",0,0
2004,"SAU",26,1
2005,"SAU",91,1
2006,"SAU",31,1
2007,"SAU",11,0
2008,"SAU",2,0
2009,"SAU",0,0
2010,"SAU",0,0
2011,"SAU",0,0
2012,"SAU",0,0
2013,"SAU",0,0
2014,"SAU",0,0
2015,"SAU",0,0
2016,"SAU",110,1
2017,"SAU",125,1
2018,"SAU",45,1
2019,"SAU",11,0
2000,"SDN",2067,1
2001,"SDN",3537,1
2002,"SDN",3719,1
2003,"SDN",3227,1
2004,"SDN",5010,1
2005,"SDN",9714,1
2006,"SDN",1505,1
2007,"SDN",2187,1
2008,"SDN",1180,1
2009,"SDN",1241,1
2010,"SDN",2689,1
2011,"SDN",1790,1
2012,"SDN",2567,1
2013,"SDN",1525,1
2014,"SDN",1959,1
2015,"SDN",1912,1
2016,"SDN",2552,1
2017,"SDN",1994,1
2018,"SDN",548,1
2019,"SDN",432,1
2000,"SEN",31,1
2001,"SEN",56,1
2002,"SEN",47,1
2003,"SEN",45,1
2004,"SEN",39,1
2005,"SEN",3,0
2006,"SEN",46,1
2007,"SEN",126,1
2008,"SEN",0,0
2009,"SEN",11,0
2010,"SEN",19,0
2011,"SEN",19,0
2012,"SEN",37,1
2013,"SEN",23,0
2014,"SEN",8,0
2015,"SEN",0,0
2016,"SEN",0,0
2017,"SEN",0,0
2018,"SEN",0,0
2019,"SEN",1,0
2000,"SGP",0,0
2001,"SGP",0,0
2002,"SGP",0,0
2003,"SGP",0,0
2004,"SGP",0,0
2005,"SGP",0,0
2006,"SGP",0,0
2007,"SGP",0,0
2008,"SGP",0,0
2009,"SGP",0,0
2010,"SGP",0,0
2011,"SGP",0,0
2012,"SGP",0,0
2013,"SGP",0,0
2014,"SGP",0,0
2015,"SGP",0,0
2016,"SGP",0,0
2017,"SGP",0,0
2018,"SGP",0,0
2019,"SGP",0,0
2000,"SLB",0,0
2001,"SLB",0,0
2002,"SLB",0,0
2003,"SLB",0,0
2004,"SLB",0,0
2005,"SLB",0,0
2006,"SLB",0,0
2007,"SLB",0,0
2008,"SLB",0,0
2009,"SLB",0,0
2010,"SLB",0,0
2011,"SLB",0,0
2012,"SLB",0,0
2013,"SLB",0,0
2014,"SLB",0,0
2015,"SLB",0,0
2016,"SLB",0,0
2017,"SLB",0,0
2018,"SLB",0,0
2019,"SLB",0,0
2000,"SLE",4493,1
2001,"SLE",856,1
2002,"SLE",73,1
2003,"SLE",1,0
2004,"SLE",0,0
2005,"SLE",0,0
2006,"SLE",0,0
2007,"SLE",0,0
2008,"SLE",0,0
2009,"SLE",0,0
2010,"SLE",0,0
2011,"SLE",0,0
2012,"SLE",0,0
2013,"SLE",0,0
2014,"SLE",0,0
2015,"SLE",0,0
2016,"SLE",0,0
2017,"SLE",0,0
2018,"SLE",0,0
2019,"SLE",0,0
2000,"SLV",0,0
2001,"SLV",0,0
2002,"SLV",0,0
2003,"SLV",0,0
2004,"SLV",0,0
2005,"SLV",0,0
2006,"SLV",0,0
2007,"SLV",0,0
2008,"SLV",0,0
2009,"SLV",0,0
2010,"SLV",0,0
2011,"SLV",0,0
2012,"SLV",0,0
2013,"SLV",0,0
2014,"SLV",0,0
2015,"SLV",0,0
2016,"SLV",0,0
2017,"SLV",0,0
2018,"SLV",0,0
2019,"SLV",0,0
2000,"SOM",542,1
2001,"SOM",185,1
2002,"SOM",483,1
2003,"SOM",638,1
2004,"SOM",405,1
2005,"SOM",670,1
2006,"SOM",340,1
2007,"SOM",1204,1
2008,"SOM",1620,1
2009,"SOM",1751,1
2010,"SOM",2204,1
2011,"SOM",2722,1
2012,"SOM",2118,1
2013,"SOM",2989,1
2014,"SOM",1045,1
2015,"SOM",1247,1
2016,"SOM",1250,1
2017,"SOM",2065,1
2018,"SOM",2071,1
2019,"SOM",2500,1
2000,"SRB",2173,1
2001,"SRB",0,0
2002,"SRB",0,0
2003,"SRB",0,0
2004,"SRB",0,0
2005,"SRB",0,0
2006,"SRB",0,0
2007,"SRB",0,0
2008,"SRB",0,0
2009,"SRB",0,0
2010,"SRB",0,0
2011,"SRB",0,0
2012,"SRB",0,0
2013,"SRB",0,0
2014,"SRB",0,0
2015,"SRB",0,0
2016,"SRB",0,0
2017,"SRB",0,0
2018,"SRB",0,0
2019,"SRB",0,0
2000,"SSD",0,0
2001,"SSD",0,0
2002,"SSD",0,0
2003,"SSD",0,0
2004,"SSD",0,0
2005,"SSD",0,0
2006,"SSD",0,0
2007,"SSD",0,0
2008,"SSD",0,0
2009,"SSD",0,0
2010,"SSD",0,0
2011,"SSD",0,0
2012,"SSD",1194,1
2013,"SSD",864,1
2014,"SSD",1827,1
2015,"SSD",2491,1
2016,"SSD",1137,1
2017,"SSD",1303,1
2018,"SSD",1271,1
2019,"SSD",1217,1
2000,"STP",0,0
2001,"STP",0,0
2002,"STP",0,0
2003,"STP",0,0
2004,"STP",0,0
2005,"STP",0,0
2006,"STP",0,0
2007,"STP",0,0
2008,"STP",0,0
2009,"STP",0,0
2010,"STP",0,0
2011,"STP",0,0
2012,"STP",0,0
2013,"STP",0,0
2014,"STP",0,0
2015,"STP",0,0
2016,"STP",0,0
2017,"STP",0,0
2018,"STP",0,0
2019,"STP",0,0
2000,"SUR",0,0
2001,"SUR",0,0
2002,"SUR",0,0
2003,"SUR",0,0
2004,"SUR",0,0
2005,"SUR",0,0
2006,"SUR",0,0
2007,"SUR",0,0
2008,"SUR",0,0
2009,"SUR",0,0
2010,"SUR",0,0
2011,"SUR",0,0
2012,"SUR",0,0
2013,"SUR",0,0
2014,"SUR",0,0
2015,"SUR",0,0
2016,"SUR",0,0
2017,"SUR",0,0
2018,"SUR",0,0
2019,"SUR",0,0
2000,"SVK",0,0
2001,"SVK",0,0
2002,"SVK",0,0
2003,"SVK",0,0
2004,"SVK",0,0
2005,"SVK",0,0
2006,"SVK",0,0
2007,"SVK",0,0
2008,"SVK",0,0
2009,"SVK",0,0
2010,"SVK",0,0
2011,"SVK",0,0
2012,"SVK",0,0
2013,"SVK",0,0
2014,"SVK",0,0
2015,"SVK",0,0
2016,"SVK",0,0
2017,"SVK",0,0
2018,"SVK",0,0
2019,"SVK",0,0
2000,"SVN",0,0
2001,"SVN",0,0
2002,"SVN",0,0
2003,"SVN",0,0
2004,"SVN",0,0
2005,"SVN",0,0
2006,"SVN",0,0
2007,"SVN",0,0
2008,"SVN",0,0
2009,"SVN",0,0
2010,"SVN",0,0
2011,"SVN",0,0
2012,"SVN",0,0
2013,"SVN",0,0
2014,"SVN",0,0
2015,"SVN",0,0
2016,"SVN",0,0
2017,"SVN",0,0
2018,"SVN",0,0
2019,"SVN",0,0
2000,"SWE",0,0
2001,"SWE",0,0
2002,"SWE",0,0
2003,"SWE",0,0
2004,"SWE",0,0
2005,"SWE",0,0
2006,"SWE",0,0
2007,"SWE",0,0
2008,"SWE",0,0
2009,"SWE",0,0
2010,"SWE",0,0
2011,"SWE",0,0
2012,"SWE",0,0
2013,"SWE",0,0
2014,"SWE",0,0
2015,"SWE",0,0
2016,"SWE",0,0
2017,"SWE",0,0
2018,"SWE",5,0
2019,"SWE",0,0
2000,"SWZ",0,0
2001,"SWZ",0,0
2002,"SWZ",0,0
2003,"SWZ",0,0
2004,"SWZ",0,0
2005,"SWZ",0,0
2006,"SWZ",0,0
2007,"SWZ",0,0
2008,"SWZ",0,0
2009,"SWZ",0,0
2010,"SWZ",0,0
2011,"SWZ",0,0
2012,"SWZ",0,0
2013,"SWZ",0,0
2014,"SWZ",0,0
2015,"SWZ",0,0
2016,"SWZ",0,0
2017,"SWZ",0,0
2018,"SWZ",0,0
2019,"SWZ",0,0
2000,"SYC",0,0
2001,"SYC",0,0
2002,"SYC",0,0
2003,"SYC",0,0
2004,"SYC",0,0
2005,"SYC",0,0
2006,"SYC",0,0
2007,"SYC",0,0
2008,"SYC",0,0
2009,"SYC",0,0
2010,"SYC",0,0
2011,"SYC",0,0
2012,"SYC",0,0
2013,"SYC",0,0
2014,"SYC",0,0
2015,"SYC",0,0
2016,"SYC",0,0
2017,"SYC",0,0
2018,"SYC",0,0
2019,"SYC",0,0
2000,"SYR",0,0
2001,"SYR",0,0
2002,"SYR",0,0
2003,"SYR",0,0
2004,"SYR",0,0
2005,"SYR",8,0
2006,"SYR",0,0
2007,"SYR",0,0
2008,"SYR",0,0
2009,"SYR",1,0
2010,"SYR",0,0
2011,"SYR",0,0
2012,"SYR",4347,1
2013,"SYR",53695,1
2014,"SYR",76490,1
2015,"SYR",78644,1
2016,"SYR",59582,1
2017,"SYR",53863,1
2018,"SYR",38534,1
2019,"SYR",21727,1
2000,"TCD",394,1
2001,"TCD",1070,1
2002,"TCD",230,1
2003,"TCD",297,1
2004,"TCD",37,1
2005,"TCD",78,1
2006,"TCD",267,1
2007,"TCD",1956,1
2008,"TCD",431,1
2009,"TCD",994,1
2010,"TCD",135,1
2011,"TCD",4,0
2012,"TCD",0,0
2013,"TCD",0,0
2014,"TCD",0,0
2015,"TCD",16,0
2016,"TCD",397,1
2017,"TCD",26,1
2018,"TCD",91,1
2019,"TCD",168,1
2000,"TGO",0,0
2001,"TGO",0,0
2002,"TGO",0,0
2003,"TGO",0,0
2004,"TGO",0,0
2005,"TGO",0,0
2006,"TGO",436,1
2007,"TGO",0,0
2008,"TGO",0,0
2009,"TGO",0,0
2010,"TGO",0,0
2011,"TGO",0,0
2012,"TGO",0,0
2013,"TGO",0,0
2014,"TGO",0,0
2015,"TGO",0,0
2016,"TGO",0,0
2017,"TGO",0,0
2018,"TGO",0,0
2019,"TGO",0,0
2000,"THA",1,0
2001,"THA",8,0
2002,"THA",25,1
2003,"THA",23,0
2004,"THA",26,1
2005,"THA",310,1
2006,"THA",494,1
2007,"THA",541,1
2008,"THA",518,1
2009,"THA",328,1
2010,"THA",258,1
2011,"THA",218,1
2012,"THA",277,1
2013,"THA",244,1
2014,"THA",249,1
2015,"THA",100,1
2016,"THA",84,1
2017,"THA",69,1
2018,"THA",50,1
2019,"THA",61,1
2000,"TJK",4,0
2001,"TJK",46,1
2002,"TJK",0,0
2003,"TJK",0,0
2004,"TJK",0,0
2005,"TJK",0,0
2006,"TJK",1,0
2007,"TJK",8,0
2008,"TJK",0,0
2009,"TJK",0,0
2010,"TJK",17,0
2011,"TJK",98,1
2012,"TJK",28,1
2013,"TJK",0,0
2014,"TJK",3,0
2015,"TJK",3,0
2016,"TJK",0,0
2017,"TJK",0,0
2018,"TJK",0,0
2019,"TJK",4,0
2000,"TKM",0,0
2001,"TKM",0,0
2002,"TKM",0,0
2003,"TKM",0,0
2004,"TKM",0,0
2005,"TKM",0,0
2006,"TKM",0,0
2007,"TKM",0,0
2008,"TKM",0,0
2009,"TKM",0,0
2010,"TKM",0,0
2011,"TKM",0,0
2012,"TKM",0,0
2013,"TKM",0,0
2014,"TKM",0,0
2015,"TKM",0,0
2016,"TKM",0,0
2017,"TKM",0,0
2018,"TKM",0,0
2019,"TKM",0,0
2000,"TLS",0,0
2001,"TLS",0,0
2002,"TLS",0,0
2003,"TLS",0,0
2004,"TLS",0,0
2005,"TLS",0,0
2006,"TLS",0,0
2007,"TLS",0,0
2008,"TLS",0,0
2009,"TLS",0,0
2010,"TLS",0,0
2011,"TLS",0,0
2012,"TLS",0,0
2013,"TLS",0,0
2014,"TLS",0,0
2015,"TLS",0,0
2016,"TLS",0,0
2017,"TLS",0,0
2018,"TLS",0,0
2019,"TLS",0,0
2000,"TON",0,0
2001,"TON",0,0
2002,"TON",0,0
2003,"TON",0,0
2004,"TON",0,0
2005,"TON",0,0
2006,"TON",0,0
2007,"TON",0,0
2008,"TON",0,0
2009,"TON",0,0
2010,"TON",0,0
2011,"TON",0,0
2012,"TON",0,0
2013,"TON",0,0
2014,"TON",0,0
2015,"TON",0,0
2016,"TON",0,0
2017,"TON",0,0
2018,"TON",0,0
2019,"TON",0,0
2000,"TTO",0,0
2001,"TTO",0,0
2002,"TTO",0,0
2003,"TTO",0,0
2004,"TTO",0,0
2005,"TTO",0,0
2006,"TTO",0,0
2007,"TTO",0,0
2008,"TTO",0,0
2009,"TTO",0,0
2010,"TTO",0,0
2011,"TTO",0,0
2012,"TTO",0,0
2013,"TTO",0,0
2014,"TTO",0,0
2015,"TTO",0,0
2016,"TTO",0,0
2017,"TTO",0,0
2018,"TTO",0,0
2019,"TTO",0,0
2000,"TUN",0,0
2001,"TUN",0,0
2002,"TUN",0,0
2003,"TUN",21,0
2004,"TUN",0,0
2005,"TUN",0,0
2006,"TUN",0,0
2007,"TUN",0,0
2008,"TUN",0,0
2009,"TUN",0,0
2010,"TUN",0,0
2011,"TUN",0,0
2012,"TUN",8,0
2013,"TUN",3,0
2014,"TUN",29,1
2015,"TUN",51,1
2016,"TUN",135,1
2017,"TUN",88,1
2018,"TUN",15,0
2019,"TUN",25,1
2000,"TUR",1195,1
2001,"TUR",153,1
2002,"TUR",120,1
2003,"TUR",34,1
2004,"TUR",150,1
2005,"TUR",221,1
2006,"TUR",295,1
2007,"TUR",226,1
2008,"TUR",502,1
2009,"TUR",491,1
2010,"TUR",138,1
2011,"TUR",231,1
2012,"TUR",410,1
2013,"TUR",789,1
2014,"TUR",23,0
2015,"TUR",11,0
2016,"TUR",1061,1
2017,"TUR",1558,1
2018,"TUR",455,1
2019,"TUR",435,1
2000,"TZA",0,0
2001,"TZA",0,0
2002,"TZA",37,1
2003,"TZA",0,0
2004,"TZA",0,0
2005,"TZA",0,0
2006,"TZA",0,0
2007,"TZA",0,0
2008,"TZA",3,0
2009,"TZA",0,0
2010,"TZA",0,0
2011,"TZA",0,0
2012,"TZA",0,0
2013,"TZA",0,0
2014,"TZA",0,0
2015,"TZA",0,0
2016,"TZA",0,0
2017,"TZA",0,0
2018,"TZA",1,0
2019,"TZA",1,0
2000,"UGA",1024,1
2001,"UGA",1238,1
2002,"UGA",212,1
2003,"UGA",1316,1
2004,"UGA",1628,1
2005,"UGA",2004,1
2006,"UGA",922,1
2007,"UGA",334,1
2008,"UGA",156,1
2009,"UGA",32,1
2010,"UGA",59,1
2011,"UGA",74,1
2012,"UGA",0,0
2013,"UGA",0,0
2014,"UGA",0,0
2015,"UGA",7,0
2016,"UGA",0,0
2017,"UGA",30,1
2018,"UGA",0,0
2019,"UGA",2,0
2000,"UKR",0,0
2001,"UKR",0,0
2002,"UKR",0,0
2003,"UKR",0,0
2004,"UKR",0,0
2005,"UKR",0,0
2006,"UKR",0,0
2007,"UKR",0,0
2008,"UKR",0,0
2009,"UKR",0,0
2010,"UKR",0,0
2011,"UKR",0,0
2012,"UKR",0,0
2013,"UKR",0,0
2014,"UKR",0,0
2015,"UKR",4528,1
2016,"UKR",1726,1
2017,"UKR",255,1
2018,"UKR",415,1
2019,"UKR",243,1
2000,"URY",0,0
2001,"URY",0,0
2002,"URY",0,0
2003,"URY",0,0
2004,"URY",0,0
2005,"URY",0,0
2006,"URY",0,0
2007,"URY",0,0
2008,"URY",0,0
2009,"URY",0,0
2010,"URY",0,0
2011,"URY",0,0
2012,"URY",0,0
2013,"URY",0,0
2014,"URY",0,0
2015,"URY",0,0
2016,"URY",0,0
2017,"URY",0,0
2018,"URY",0,0
2019,"URY",0,0
2000,"USA",0,0
2001,"USA",0,0
2002,"USA",2986,1
2003,"USA",0,0
2004,"USA",0,0
2005,"USA",0,0
2006,"USA",0,0
2007,"USA",0,0
2008,"USA",0,0
2009,"USA",0,0
2010,"USA",0,0
2011,"USA",2,0
2012,"USA",0,0
2013,"USA",0,0
2014,"USA",0,0
2015,"USA",0,0
2016,"USA",14,0
2017,"USA",0,0
2018,"USA",8,0
2019,"USA",0,0
2000,"UZB",50,1
2001,"UZB",297,1
2002,"UZB",0,0
2003,"UZB",0,0
2004,"UZB",0,0
2005,"UZB",37,1
2006,"UZB",0,0
2007,"UZB",0,0
2008,"UZB",0,0
2009,"UZB",0,0
2010,"UZB",16,0
2011,"UZB",0,0
2012,"UZB",0,0
2013,"UZB",0,0
2014,"UZB",0,0
2015,"UZB",0,0
2016,"UZB",0,0
2017,"UZB",0,0
2018,"UZB",0,0
2019,"UZB",0,0
2000,"VCT",0,0
2001,"VCT",0,0
2002,"VCT",0,0
2003,"VCT",0,0
2004,"VCT",0,0
2005,"VCT",0,0
2006,"VCT",0,0
2007,"VCT",0,0
2008,"VCT",0,0
2009,"VCT",0,0
2010,"VCT",0,0
2011,"VCT",0,0
2012,"VCT",0,0
2013,"VCT",0,0
2014,"VCT",0,0
2015,"VCT",0,0
2016,"VCT",0,0
2017,"VCT",0,0
2018,"VCT",0,0
2019,"VCT",0,0
2000,"VEN",26,1
2001,"VEN",27,1
2002,"VEN",27,1
2003,"VEN",27,1
2004,"VEN",25,1
2005,"VEN",31,1
2006,"VEN",30,1
2007,"VEN",22,0
2008,"VEN",16,0
2009,"VEN",27,1
2010,"VEN",25,1
2011,"VEN",22,0
2012,"VEN",10,0
2013,"VEN",33,1
2014,"VEN",6,0
2015,"VEN",44,1
2016,"VEN",32,1
2017,"VEN",59,1
2018,"VEN",72,1
2019,"VEN",78,1
2000,"VNM",0,0
2001,"VNM",0,0
2002,"VNM",0,0
2003,"VNM",0,0
2004,"VNM",0,0
2005,"VNM",0,0
2006,"VNM",0,0
2007,"VNM",0,0
2008,"VNM",0,0
2009,"VNM",0,0
2010,"VNM",0,0
2011,"VNM",0,0
2012,"VNM",0,0
2013,"VNM",0,0
2014,"VNM",0,0
2015,"VNM",0,0
2016,"VNM",0,0
2017,"VNM",0,0
2018,"VNM",0,0
2019,"VNM",0,0
2000,"VUT",0,0
2001,"VUT",0,0
2002,"VUT",0,0
2003,"VUT",0,0
2004,"VUT",0,0
2005,"VUT",0,0
2006,"VUT",0,0
2007,"VUT",0,0
2008,"VUT",0,0
2009,"VUT",0,0
2010,"VUT",0,0
2011,"VUT",0,0
2012,"VUT",0,0
2013,"VUT",0,0
2014,"VUT",0,0
2015,"VUT",0,0
2016,"VUT",0,0
2017,"VUT",0,0
2018,"VUT",0,0
2019,"VUT",0,0
2000,"WSM",0,0
2001,"WSM",0,0
2002,"WSM",0,0
2003,"WSM",0,0
2004,"WSM",0,0
2005,"WSM",0,0
2006,"WSM",0,0
2007,"WSM",0,0
2008,"WSM",0,0
2009,"WSM",0,0
2010,"WSM",0,0
2011,"WSM",0,0
2012,"WSM",0,0
2013,"WSM",0,0
2014,"WSM",0,0
2015,"WSM",0,0
2016,"WSM",0,0
2017,"WSM",0,0
2018,"WSM",0,0
2019,"WSM",0,0
2000,"YEM",0,0
2001,"YEM",0,0
2002,"YEM",0,0
2003,"YEM",0,0
2004,"YEM",6,0
2005,"YEM",28,1
2006,"YEM",0,0
2007,"YEM",0,0
2008,"YEM",0,0
2009,"YEM",21,0
2010,"YEM",94,1
2011,"YEM",201,1
2012,"YEM",1317,1
2013,"YEM",2345,1
2014,"YEM",582,1
2015,"YEM",2120,1
2016,"YEM",7239,1
2017,"YEM",3948,1
2018,"YEM",3493,1
2019,"YEM",4840,1
2000,"ZAF",19,0
2001,"ZAF",0,0
2002,"ZAF",0,0
2003,"ZAF",2,0
2004,"ZAF",0,0
2005,"ZAF",0,0
2006,"ZAF",0,0
2007,"ZAF",0,0
2008,"ZAF",0,0
2009,"ZAF",0,0
2010,"ZAF",0,0
2011,"ZAF",1,0
2012,"ZAF",0,0
2013,"ZAF",0,0
2014,"ZAF",0,0
2015,"ZAF",0,0
2016,"ZAF",0,0
2017,"ZAF",3,0
2018,"ZAF",0,0
2019,"ZAF",1,0
2000,"ZMB",0,0
2001,"ZMB",1,0
2002,"ZMB",7,0
2003,"ZMB",0,0
2004,"ZMB",0,0
2005,"ZMB",0,0
2006,"ZMB",0,0
2007,"ZMB",0,0
2008,"ZMB",0,0
2009,"ZMB",0,0
2010,"ZMB",0,0
2011,"ZMB",0,0
2012,"ZMB",0,0
2013,"ZMB",0,0
2014,"ZMB",0,0
2015,"ZMB",0,0
2016,"ZMB",0,0
2017,"ZMB",0,0
2018,"ZMB",0,0
2019,"ZMB",0,0
2000,"ZWE",1,0
2001,"ZWE",0,0
2002,"ZWE",0,0
2003,"ZWE",0,0
2004,"ZWE",0,0
2005,"ZWE",0,0
2006,"ZWE",0,0
2007,"ZWE",0,0
2008,"ZWE",0,0
2009,"ZWE",253,1
2010,"ZWE",0,0
2011,"ZWE",0,0
2012,"ZWE",1,0
2013,"ZWE",1,0
2014,"ZWE",0,0
2015,"ZWE",0,0
2016,"ZWE",0,0
2017,"ZWE",0,0
2018,"ZWE",0,0
2019,"ZWE",4,0
